clinic_code,vaccination_season,vaccination_coverage,stat_area_id,SubDistrictCode,subdist
1106,2008,0.06684733514001806,4000722,31.0,Haifa
1106,2009,0.0993676603432701,4000722,31.0,Haifa
1106,2010,0.15672990063233966,4000722,31.0,Haifa
1106,2011,0.13143631436314362,4000722,31.0,Haifa
1106,2012,0.11562782294489612,4000722,31.0,Haifa
1106,2013,0.1901535682023487,4000722,31.0,Haifa
1106,2014,0.21499548328816626,4000722,31.0,Haifa
1106,2015,0.25971093044263777,4000722,31.0,Haifa
1106,2016,0.25203252032520324,4000722,31.0,Haifa
1106,2017,0.2551942186088528,4000722,31.0,Haifa
1107,2008,0.06976744186046513,960031,31.0,Haifa
1107,2009,0.0916138125440451,960031,31.0,Haifa
1107,2010,0.12684989429175475,960031,31.0,Haifa
1107,2011,0.14517265680056374,960031,31.0,Haifa
1107,2012,0.15997181113460182,960031,31.0,Haifa
1107,2013,0.19873150105708245,960031,31.0,Haifa
1107,2014,0.19873150105708245,960031,31.0,Haifa
1107,2015,0.24312896405919665,960031,31.0,Haifa
1107,2016,0.2389006342494715,960031,31.0,Haifa
1107,2017,0.2248062015503876,960031,31.0,Haifa
1108,2008,0.07425742574257425,760031,24.0,Akko
1108,2009,0.1188118811881188,760031,24.0,Akko
1108,2010,0.16501650165016502,760031,24.0,Akko
1108,2011,0.14356435643564355,760031,24.0,Akko
1108,2012,0.15676567656765678,760031,24.0,Akko
1108,2013,0.1848184818481848,760031,24.0,Akko
1108,2014,0.19801980198019806,760031,24.0,Akko
1108,2015,0.2392739273927393,760031,24.0,Akko
1108,2016,0.2623762376237624,760031,24.0,Akko
1108,2017,0.21947194719471946,760031,24.0,Akko
1109,2008,0.054890738813735684,4000641,31.0,Haifa
1109,2009,0.09781477627471384,4000641,31.0,Haifa
1109,2010,0.1529656607700312,4000641,31.0,Haifa
1109,2011,0.10093652445369407,4000641,31.0,Haifa
1109,2012,0.14099895941727367,4000641,31.0,Haifa
1109,2013,0.1901664932362123,4000641,31.0,Haifa
1109,2014,0.20915712799167532,4000641,31.0,Haifa
1109,2015,0.23178980228928198,4000641,31.0,Haifa
1109,2016,0.2260665972944849,4000641,31.0,Haifa
1109,2017,0.23309053069719046,4000641,31.0,Haifa
1110,2008,0.06660039761431412,25002,31.0,Haifa
1110,2009,0.08648111332007953,25002,31.0,Haifa
1110,2010,0.13817097415506954,25002,31.0,Haifa
1110,2011,0.12226640159045725,25002,31.0,Haifa
1110,2012,0.1610337972166998,25002,31.0,Haifa
1110,2013,0.22664015904572565,25002,31.0,Haifa
1110,2014,0.23658051689860835,25002,31.0,Haifa
1110,2015,0.2972166998011929,25002,31.0,Haifa
1110,2016,0.27335984095427435,25002,31.0,Haifa
1110,2017,0.27137176938369784,25002,31.0,Haifa
1111,2008,0.0778083562672004,820014,31.0,Haifa
1111,2009,0.09807355516637478,820014,31.0,Haifa
1111,2010,0.1531148361270953,820014,31.0,Haifa
1111,2011,0.13860395296472355,820014,31.0,Haifa
1111,2012,0.14535901926444833,820014,31.0,Haifa
1111,2013,0.21491118338754064,820014,31.0,Haifa
1111,2014,0.2269201901426069,820014,31.0,Haifa
1111,2015,0.258443832874656,820014,31.0,Haifa
1111,2016,0.26119589692269196,820014,31.0,Haifa
1111,2017,0.2486865148861646,820014,31.0,Haifa
1114,2008,0.04351767905711696,910034,24.0,Akko
1114,2009,0.061196736174070725,910034,24.0,Akko
1114,2010,0.1228467815049864,910034,24.0,Akko
1114,2011,0.09383499546690843,910034,24.0,Akko
1114,2012,0.10154125113327288,910034,24.0,Akko
1114,2013,0.14460562103354488,910034,24.0,Akko
1114,2014,0.1586582048957389,910034,24.0,Akko
1114,2015,0.19401631912964645,910034,24.0,Akko
1114,2016,0.18223028105167724,910034,24.0,Akko
1114,2017,0.1985494106980961,910034,24.0,Akko
1115,2008,0.03706915239540429,106125,23.0,Yizre'el
1115,2009,0.049642315196184686,106125,23.0,Yizre'el
1115,2010,0.0992846303923694,106125,23.0,Yizre'el
1115,2011,0.08367656622588338,106125,23.0,Yizre'el
1115,2012,0.08541079557771515,106125,23.0,Yizre'el
1115,2013,0.11510947322783438,106125,23.0,Yizre'el
1115,2014,0.12529807066984608,106125,23.0,Yizre'el
1115,2015,0.15954910036852374,106125,23.0,Yizre'el
1115,2016,0.1519618469542597,106125,23.0,Yizre'el
1115,2017,0.16648601777585087,106125,23.0,Yizre'el
1116,2008,0.035483870967741936,5071,24.0,Akko
1116,2009,0.03870967741935484,5071,24.0,Akko
1116,2010,0.0935483870967742,5071,24.0,Akko
1116,2011,0.07096774193548387,5071,24.0,Akko
1116,2012,0.05483870967741936,5071,24.0,Akko
1116,2013,0.1064516129032258,5071,24.0,Akko
1116,2014,0.11935483870967742,5071,24.0,Akko
1116,2015,0.14838709677419354,5071,24.0,Akko
1116,2016,0.14193548387096774,5071,24.0,Akko
1116,2017,0.13225806451612904,5071,24.0,Akko
1117,2008,0.0410958904109589,4949,31.0,Haifa
1117,2009,0.0410958904109589,4949,31.0,Haifa
1117,2010,0.0958904109589041,4949,31.0,Haifa
1117,2011,0.0821917808219178,4949,31.0,Haifa
1117,2012,0.0684931506849315,4949,31.0,Haifa
1117,2013,0.1095890410958904,4949,31.0,Haifa
1117,2014,0.15753424657534246,4949,31.0,Haifa
1117,2015,0.1780821917808219,4949,31.0,Haifa
1117,2016,0.1780821917808219,4949,31.0,Haifa
1117,2017,0.1917808219178082,4949,31.0,Haifa
1118,2008,0.0696969696969697,113923,24.0,Akko
1118,2009,0.08225108225108227,113923,24.0,Akko
1118,2010,0.13636363636363635,113923,24.0,Akko
1118,2011,0.1354978354978355,113923,24.0,Akko
1118,2012,0.15800865800865802,113923,24.0,Akko
1118,2013,0.18138528138528134,113923,24.0,Akko
1118,2014,0.1891774891774892,113923,24.0,Akko
1118,2015,0.22294372294372292,113923,24.0,Akko
1118,2016,0.2103896103896104,113923,24.0,Akko
1118,2017,0.2155844155844156,113923,24.0,Akko
1119,2008,0.04878048780487805,100560,24.0,Akko
1119,2009,0.058161350844277676,100560,24.0,Akko
1119,2010,0.08630393996247655,100560,24.0,Akko
1119,2011,0.1050656660412758,100560,24.0,Akko
1119,2012,0.10694183864915573,100560,24.0,Akko
1119,2013,0.11069418386491556,100560,24.0,Akko
1119,2014,0.13320825515947468,100560,24.0,Akko
1119,2015,0.1651031894934334,100560,24.0,Akko
1119,2016,0.15947467166979362,100560,24.0,Akko
1119,2017,0.1575984990619137,100560,24.0,Akko
1120,2008,0.0581039755351682,80005,21.0,Safed 
1120,2009,0.06320081549439348,80005,21.0,Safed 
1120,2010,0.09174311926605504,80005,21.0,Safed 
1120,2011,0.08460754332313965,80005,21.0,Safed 
1120,2012,0.09683995922528033,80005,21.0,Safed 
1120,2013,0.12334352701325177,80005,21.0,Safed 
1120,2014,0.12436289500509685,80005,21.0,Safed 
1120,2015,0.1620795107033639,80005,21.0,Safed 
1120,2016,0.15902140672782875,80005,21.0,Safed 
1120,2017,0.16309887869520898,80005,21.0,Safed 
1121,2008,0.07226890756302523,670014,22.0,Kinneret
1121,2009,0.09243697478991596,670014,22.0,Kinneret
1121,2010,0.13781512605042018,670014,22.0,Kinneret
1121,2011,0.13277310924369748,670014,22.0,Kinneret
1121,2012,0.11428571428571427,670014,22.0,Kinneret
1121,2013,0.14789915966386555,670014,22.0,Kinneret
1121,2014,0.16974789915966387,670014,22.0,Kinneret
1121,2015,0.18823529411764706,670014,22.0,Kinneret
1121,2016,0.18823529411764706,670014,22.0,Kinneret
1121,2017,0.1815126050420168,670014,22.0,Kinneret
1124,2008,0.07808745795290725,4000934,31.0,Haifa
1124,2009,0.12109562710235465,4000934,31.0,Haifa
1124,2010,0.19341662662181644,4000934,31.0,Haifa
1124,2011,0.17900048053820278,4000934,31.0,Haifa
1124,2012,0.19197501201345507,4000934,31.0,Haifa
1124,2013,0.24723690533397405,4000934,31.0,Haifa
1124,2014,0.2599711677078328,4000934,31.0,Haifa
1124,2015,0.30538202787121577,4000934,31.0,Haifa
1124,2016,0.2837578087457953,4000934,31.0,Haifa
1124,2017,0.2763094666025949,4000934,31.0,Haifa
1125,2008,0.05320197044334976,93002,32.0,Hadera
1125,2009,0.07241379310344828,93002,32.0,Hadera
1125,2010,0.12660098522167487,93002,32.0,Hadera
1125,2011,0.09950738916256158,93002,32.0,Hadera
1125,2012,0.10935960591133004,93002,32.0,Hadera
1125,2013,0.12216748768472907,93002,32.0,Hadera
1125,2014,0.1438423645320197,93002,32.0,Hadera
1125,2015,0.2083743842364532,93002,32.0,Hadera
1125,2016,0.18620689655172412,93002,32.0,Hadera
1125,2017,0.1665024630541872,93002,32.0,Hadera
1126,2008,0.10533159947984397,8742,23.0,Yizre'el
1126,2009,0.12743823146944086,8742,23.0,Yizre'el
1126,2010,0.20286085825747724,8742,23.0,Yizre'el
1126,2011,0.16775032509752927,8742,23.0,Yizre'el
1126,2012,0.22496749024707413,8742,23.0,Yizre'el
1126,2013,0.24057217165149544,8742,23.0,Yizre'el
1126,2014,0.29908972691807545,8742,23.0,Yizre'el
1126,2015,0.30429128738621586,8742,23.0,Yizre'el
1126,2016,0.29908972691807545,8742,23.0,Yizre'el
1126,2017,0.3107932379713914,8742,23.0,Yizre'el
1127,2008,0.0260707635009311,88006,24.0,Akko
1127,2009,0.037243947858473,88006,24.0,Akko
1127,2010,0.0782122905027933,88006,24.0,Akko
1127,2011,0.06765983860955928,88006,24.0,Akko
1127,2012,0.06393544382371197,88006,24.0,Akko
1127,2013,0.07945375543140906,88006,24.0,Akko
1127,2014,0.0968342644320298,88006,24.0,Akko
1127,2015,0.11421477343265052,88006,24.0,Akko
1127,2016,0.11421477343265052,88006,24.0,Akko
1127,2017,0.12787088764742394,88006,24.0,Akko
1128,2008,0.05364583333333333,680024,31.0,Haifa
1128,2009,0.08489583333333334,680024,31.0,Haifa
1128,2010,0.171875,680024,31.0,Haifa
1128,2011,0.14375,680024,31.0,Haifa
1128,2012,0.18072916666666666,680024,31.0,Haifa
1128,2013,0.2322916666666667,680024,31.0,Haifa
1128,2014,0.225,680024,31.0,Haifa
1128,2015,0.2390625,680024,31.0,Haifa
1128,2016,0.22760416666666666,680024,31.0,Haifa
1128,2017,0.21979166666666666,680024,31.0,Haifa
1129,2008,0.06795224977043159,28006,21.0,Safed 
1129,2009,0.10376492194674013,28006,21.0,Safed 
1129,2010,0.17263544536271808,28006,21.0,Safed 
1129,2011,0.12672176308539945,28006,21.0,Safed 
1129,2012,0.1258034894398531,28006,21.0,Safed 
1129,2013,0.1588613406795225,28006,21.0,Safed 
1129,2014,0.15243342516069788,28006,21.0,Safed 
1129,2015,0.16620752984389348,28006,21.0,Safed 
1129,2016,0.20018365472910926,28006,21.0,Safed 
1129,2017,0.20844811753902664,28006,21.0,Safed 
1130,2008,0.06981818181818182,23002,31.0,Haifa
1130,2009,0.07709090909090907,23002,31.0,Haifa
1130,2010,0.1410909090909091,23002,31.0,Haifa
1130,2011,0.12509090909090909,23002,31.0,Haifa
1130,2012,0.13745454545454547,23002,31.0,Haifa
1130,2013,0.16945454545454544,23002,31.0,Haifa
1130,2014,0.1781818181818182,23002,31.0,Haifa
1130,2015,0.23272727272727275,23002,31.0,Haifa
1130,2016,0.1912727272727273,23002,31.0,Haifa
1130,2017,0.20581818181818184,23002,31.0,Haifa
1131,2008,0.09159482758620688,770023,23.0,Yizre'el
1131,2009,0.11853448275862068,770023,23.0,Yizre'el
1131,2010,0.15517241379310345,770023,23.0,Yizre'el
1131,2011,0.1411637931034483,770023,23.0,Yizre'el
1131,2012,0.12823275862068967,770023,23.0,Yizre'el
1131,2013,0.19181034482758624,770023,23.0,Yizre'el
1131,2014,0.21336206896551724,770023,23.0,Yizre'el
1131,2015,0.23168103448275865,770023,23.0,Yizre'el
1131,2016,0.21551724137931036,770023,23.0,Yizre'el
1131,2017,0.21875,770023,23.0,Yizre'el
1132,2008,0.0505050505050505,20341,21.0,Safed 
1132,2009,0.0505050505050505,20341,21.0,Safed 
1132,2010,0.098989898989899,20341,21.0,Safed 
1132,2011,0.09292929292929293,20341,21.0,Safed 
1132,2012,0.08484848484848485,20341,21.0,Safed 
1132,2013,0.11515151515151514,20341,21.0,Safed 
1132,2014,0.12323232323232325,20341,21.0,Safed 
1132,2015,0.15555555555555556,20341,21.0,Safed 
1132,2016,0.15555555555555556,20341,21.0,Safed 
1132,2017,0.16767676767676767,20341,21.0,Safed 
1134,2008,0.05522088353413655,2407,23.0,Yizre'el
1134,2009,0.08132530120481928,2407,23.0,Yizre'el
1134,2010,0.14357429718875506,2407,23.0,Yizre'el
1134,2011,0.13453815261044175,2407,23.0,Yizre'el
1134,2012,0.15060240963855426,2407,23.0,Yizre'el
1134,2013,0.17771084337349394,2407,23.0,Yizre'el
1134,2014,0.1897590361445783,2407,23.0,Yizre'el
1134,2015,0.2670682730923695,2407,23.0,Yizre'el
1134,2016,0.2600401606425703,2407,23.0,Yizre'el
1134,2017,0.25100401606425704,2407,23.0,Yizre'el
1135,2008,0.04217687074829932,21004,31.0,Haifa
1135,2009,0.08027210884353743,21004,31.0,Haifa
1135,2010,0.1238095238095238,21004,31.0,Haifa
1135,2011,0.09659863945578233,21004,31.0,Haifa
1135,2012,0.10748299319727893,21004,31.0,Haifa
1135,2013,0.1510204081632653,21004,31.0,Haifa
1135,2014,0.14965986394557826,21004,31.0,Haifa
1135,2015,0.16598639455782313,21004,31.0,Haifa
1135,2016,0.18503401360544214,21004,31.0,Haifa
1135,2017,0.2,21004,31.0,Haifa
1136,2008,0.03571428571428571,9221,31.0,Haifa
1136,2009,0.05882352941176471,9221,31.0,Haifa
1136,2010,0.07352941176470587,9221,31.0,Haifa
1136,2011,0.0861344537815126,9221,31.0,Haifa
1136,2012,0.06302521008403361,9221,31.0,Haifa
1136,2013,0.09453781512605043,9221,31.0,Haifa
1136,2014,0.09033613445378152,9221,31.0,Haifa
1136,2015,0.19117647058823528,9221,31.0,Haifa
1136,2016,0.18067226890756305,9221,31.0,Haifa
1136,2017,0.203781512605042,9221,31.0,Haifa
1138,2008,0.052401746724890834,92003,23.0,Yizre'el
1138,2009,0.07423580786026203,92003,23.0,Yizre'el
1138,2010,0.10480349344978164,92003,23.0,Yizre'el
1138,2011,0.10043668122270742,92003,23.0,Yizre'el
1138,2012,0.10480349344978164,92003,23.0,Yizre'el
1138,2013,0.18777292576419213,92003,23.0,Yizre'el
1138,2014,0.1615720524017467,92003,23.0,Yizre'el
1138,2015,0.2183406113537118,92003,23.0,Yizre'el
1138,2016,0.18777292576419213,92003,23.0,Yizre'el
1138,2017,0.17903930131004367,92003,23.0,Yizre'el
1139,2008,0.05089820359281437,271012,32.0,Hadera
1139,2009,0.07934131736526946,271012,32.0,Hadera
1139,2010,0.13023952095808386,271012,32.0,Hadera
1139,2011,0.07634730538922156,271012,32.0,Hadera
1139,2012,0.08682634730538923,271012,32.0,Hadera
1139,2013,0.11377245508982035,271012,32.0,Hadera
1139,2014,0.11826347305389223,271012,32.0,Hadera
1139,2015,0.1721556886227545,271012,32.0,Hadera
1139,2016,0.15718562874251496,271012,32.0,Hadera
1139,2017,0.18263473053892212,271012,32.0,Hadera
1140,2008,0.05707762557077625,10632,24.0,Akko
1140,2009,0.09360730593607304,10632,24.0,Akko
1140,2010,0.1461187214611872,10632,24.0,Akko
1140,2011,0.14840182648401826,10632,24.0,Akko
1140,2012,0.1415525114155251,10632,24.0,Akko
1140,2013,0.16552511415525115,10632,24.0,Akko
1140,2014,0.16666666666666666,10632,24.0,Akko
1140,2015,0.2226027397260274,10632,24.0,Akko
1140,2016,0.23858447488584475,10632,24.0,Akko
1140,2017,0.20662100456621005,10632,24.0,Akko
2207,2008,0.06755196304849885,5000543,51.0,Tel Aviv
2207,2009,0.0909353348729792,5000543,51.0,Tel Aviv
2207,2010,0.13163972286374134,5000543,51.0,Tel Aviv
2207,2011,0.10536951501154734,5000543,51.0,Tel Aviv
2207,2012,0.11431870669745957,5000543,51.0,Tel Aviv
2207,2013,0.13192840646651272,5000543,51.0,Tel Aviv
2207,2014,0.15386836027713627,5000543,51.0,Tel Aviv
2207,2015,0.19803695150115475,5000543,51.0,Tel Aviv
2207,2016,0.18504618937644346,5000543,51.0,Tel Aviv
2207,2017,0.1812933025404157,5000543,51.0,Tel Aviv
2209,2008,0.09698767685988133,5000315,51.0,Tel Aviv
2209,2009,0.12140575079872205,5000315,51.0,Tel Aviv
2209,2010,0.1697854860794158,5000315,51.0,Tel Aviv
2209,2011,0.15403925148334094,5000315,51.0,Tel Aviv
2209,2012,0.15791875855773618,5000315,51.0,Tel Aviv
2209,2013,0.18073938840712006,5000315,51.0,Tel Aviv
2209,2014,0.20333181195801006,5000315,51.0,Tel Aviv
2209,2015,0.25924235508900045,5000315,51.0,Tel Aviv
2209,2016,0.2350524874486536,5000315,51.0,Tel Aviv
2209,2017,0.2446371519853948,5000315,51.0,Tel Aviv
2210,2008,0.06518058690744921,5000715,51.0,Tel Aviv
2210,2009,0.09480812641083522,5000715,51.0,Tel Aviv
2210,2010,0.12415349887133185,5000715,51.0,Tel Aviv
2210,2011,0.1012979683972912,5000715,51.0,Tel Aviv
2210,2012,0.09734762979683972,5000715,51.0,Tel Aviv
2210,2013,0.12387133182844245,5000715,51.0,Tel Aviv
2210,2014,0.14277652370203162,5000715,51.0,Tel Aviv
2210,2015,0.16506772009029344,5000715,51.0,Tel Aviv
2210,2016,0.1518058690744921,5000715,51.0,Tel Aviv
2210,2017,0.14080135440180586,5000715,51.0,Tel Aviv
2211,2008,0.11583803177857507,5000131,51.0,Tel Aviv
2211,2009,0.15069195284469505,5000131,51.0,Tel Aviv
2211,2010,0.203485392106612,5000131,51.0,Tel Aviv
2211,2011,0.1717068170169144,5000131,51.0,Tel Aviv
2211,2012,0.1824705279343926,5000131,51.0,Tel Aviv
2211,2013,0.21629933367503845,5000131,51.0,Tel Aviv
2211,2014,0.2419272168118913,5000131,51.0,Tel Aviv
2211,2015,0.31163505894413124,5000131,51.0,Tel Aviv
2211,2016,0.28651973347001536,5000131,51.0,Tel Aviv
2211,2017,0.282931829830856,5000131,51.0,Tel Aviv
2212,2008,0.06655386350817823,5000214,51.0,Tel Aviv
2212,2009,0.09306260575296108,5000214,51.0,Tel Aviv
2212,2010,0.1562323745064862,5000214,51.0,Tel Aviv
2212,2011,0.13254371122391426,5000214,51.0,Tel Aviv
2212,2012,0.15256627185561195,5000214,51.0,Tel Aviv
2212,2013,0.14749012972363226,5000214,51.0,Tel Aviv
2212,2014,0.17117879300620414,5000214,51.0,Tel Aviv
2212,2015,0.22870840383530736,5000214,51.0,Tel Aviv
2212,2016,0.2089678510998308,5000214,51.0,Tel Aviv
2212,2017,0.140721940214326,5000214,51.0,Tel Aviv
2213,2008,0.09090909090909093,5000926,51.0,Tel Aviv
2213,2009,0.12079701120797012,5000926,51.0,Tel Aviv
2213,2010,0.15504358655043587,5000926,51.0,Tel Aviv
2213,2011,0.1307596513075965,5000926,51.0,Tel Aviv
2213,2012,0.14134495641344955,5000926,51.0,Tel Aviv
2213,2013,0.1656288916562889,5000926,51.0,Tel Aviv
2213,2014,0.18181818181818185,5000926,51.0,Tel Aviv
2213,2015,0.226027397260274,5000926,51.0,Tel Aviv
2213,2016,0.2266500622665006,5000926,51.0,Tel Aviv
2213,2017,0.2110834371108344,5000926,51.0,Tel Aviv
2215,2008,0.09810479375696766,5000929,51.0,Tel Aviv
2215,2009,0.13935340022296544,5000929,51.0,Tel Aviv
2215,2010,0.17001114827201785,5000929,51.0,Tel Aviv
2215,2011,0.14046822742474915,5000929,51.0,Tel Aviv
2215,2012,0.1399108138238573,5000929,51.0,Tel Aviv
2215,2013,0.16499442586399107,5000929,51.0,Tel Aviv
2215,2014,0.17335562987736902,5000929,51.0,Tel Aviv
2215,2015,0.2157190635451505,5000929,51.0,Tel Aviv
2215,2016,0.19899665551839466,5000929,51.0,Tel Aviv
2215,2017,0.1950947603121516,5000929,51.0,Tel Aviv
2216,2008,0.10598572213069743,5000112,51.0,Tel Aviv
2216,2009,0.13289401427786932,5000112,51.0,Tel Aviv
2216,2010,0.22350356946732566,5000112,51.0,Tel Aviv
2216,2011,0.2026359143327842,5000112,51.0,Tel Aviv
2216,2012,0.19110378912685336,5000112,51.0,Tel Aviv
2216,2013,0.21252059308072488,5000112,51.0,Tel Aviv
2216,2014,0.24382207578253706,5000112,51.0,Tel Aviv
2216,2015,0.31466227347611203,5000112,51.0,Tel Aviv
2216,2016,0.29489291598023065,5000112,51.0,Tel Aviv
2216,2017,0.2954420647995607,5000112,51.0,Tel Aviv
3303,2008,0.0731070496083551,30001641,11.0,Jerusalem
3303,2009,0.09007832898172324,30001641,11.0,Jerusalem
3303,2010,0.13054830287206268,30001641,11.0,Jerusalem
3303,2011,0.10966057441253264,30001641,11.0,Jerusalem
3303,2012,0.12663185378590078,30001641,11.0,Jerusalem
3303,2013,0.1475195822454308,30001641,11.0,Jerusalem
3303,2014,0.1514360313315927,30001641,11.0,Jerusalem
3303,2015,0.20757180156657964,30001641,11.0,Jerusalem
3303,2016,0.20365535248041772,30001641,11.0,Jerusalem
3303,2017,0.216710182767624,30001641,11.0,Jerusalem
3304,2008,0.04955401387512389,36501,77.0,Judea & Samaria
3304,2009,0.07333994053518335,36501,77.0,Judea & Samaria
3304,2010,0.11000991080277504,36501,77.0,Judea & Samaria
3304,2011,0.1020812685827552,36501,77.0,Judea & Samaria
3304,2012,0.0981169474727453,36501,77.0,Judea & Samaria
3304,2013,0.1149653121902874,36501,77.0,Judea & Samaria
3304,2014,0.14469772051536176,36501,77.0,Judea & Samaria
3304,2015,0.19425173439048565,36501,77.0,Judea & Samaria
3304,2016,0.16848364717542122,36501,77.0,Judea & Samaria
3304,2017,0.1823587710604559,36501,77.0,Judea & Samaria
3305,2008,0.11231884057971014,37302,77.0,Judea & Samaria
3305,2009,0.11231884057971014,37302,77.0,Judea & Samaria
3305,2010,0.14855072463768115,37302,77.0,Judea & Samaria
3305,2011,0.17028985507246375,37302,77.0,Judea & Samaria
3305,2012,0.14492753623188406,37302,77.0,Judea & Samaria
3305,2013,0.18115942028985507,37302,77.0,Judea & Samaria
3305,2014,0.17753623188405798,37302,77.0,Judea & Samaria
3305,2015,0.2246376811594203,37302,77.0,Judea & Samaria
3305,2016,0.2427536231884058,37302,77.0,Judea & Samaria
3305,2017,0.2210144927536232,37302,77.0,Judea & Samaria
3306,2008,0.07587687902648532,3000135,11.0,Jerusalem
3306,2009,0.098067287043665,3000135,11.0,Jerusalem
3306,2010,0.1317108088761632,3000135,11.0,Jerusalem
3306,2011,0.11667859699355762,3000135,11.0,Jerusalem
3306,2012,0.1324266284896206,3000135,11.0,Jerusalem
3306,2013,0.12598425196850396,3000135,11.0,Jerusalem
3306,2014,0.15032211882605584,3000135,11.0,Jerusalem
3306,2015,0.1968503937007874,3000135,11.0,Jerusalem
3306,2016,0.19112383679312814,3000135,11.0,Jerusalem
3306,2017,0.1717967072297781,3000135,11.0,Jerusalem
3307,2008,0.08691374221056082,3000852,11.0,Jerusalem
3307,2009,0.10888816005247623,3000852,11.0,Jerusalem
3307,2010,0.14693342079370286,3000852,11.0,Jerusalem
3307,2011,0.1252869793374877,3000852,11.0,Jerusalem
3307,2012,0.12266316825188585,3000852,11.0,Jerusalem
3307,2013,0.14890127910790424,3000852,11.0,Jerusalem
3307,2014,0.1597244998360118,3000852,11.0,Jerusalem
3307,2015,0.20039357166284028,3000852,11.0,Jerusalem
3307,2016,0.1951459494916366,3000852,11.0,Jerusalem
3307,2017,0.188586421777632,3000852,11.0,Jerusalem
3308,2008,0.029928432010409886,3000624,11.0,Jerusalem
3308,2009,0.04749512036434613,3000624,11.0,Jerusalem
3308,2010,0.050097592713077434,3000624,11.0,Jerusalem
3308,2011,0.06766428106701368,3000624,11.0,Jerusalem
3308,2012,0.06115810019518542,3000624,11.0,Jerusalem
3308,2013,0.06766428106701368,3000624,11.0,Jerusalem
3308,2014,0.0826284970722186,3000624,11.0,Jerusalem
3308,2015,0.13272608978529604,3000624,11.0,Jerusalem
3308,2016,0.11450878334417695,3000624,11.0,Jerusalem
3308,2017,0.13923227065712426,3000624,11.0,Jerusalem
3309,2008,0.07057745187901009,36168,77.0,Judea & Samaria
3309,2009,0.08615948670944087,36168,77.0,Judea & Samaria
3309,2010,0.1228230980751604,36168,77.0,Judea & Samaria
3309,2011,0.08890925756186985,36168,77.0,Judea & Samaria
3309,2012,0.08249312557286892,36168,77.0,Judea & Samaria
3309,2013,0.11824014665444545,36168,77.0,Judea & Samaria
3309,2014,0.13748854262144822,36168,77.0,Judea & Samaria
3309,2015,0.22456461961503207,36168,77.0,Judea & Samaria
3309,2016,0.2144821264894592,36168,77.0,Judea & Samaria
3309,2017,0.24289642529789185,36168,77.0,Judea & Samaria
3310,2008,0.045871559633027525,261013,11.0,Jerusalem
3310,2009,0.06995412844036697,261013,11.0,Jerusalem
3310,2010,0.13761467889908258,261013,11.0,Jerusalem
3310,2011,0.11353211009174312,261013,11.0,Jerusalem
3310,2012,0.10321100917431192,261013,11.0,Jerusalem
3310,2013,0.11926605504587155,261013,11.0,Jerusalem
3310,2014,0.13188073394495411,261013,11.0,Jerusalem
3310,2015,0.17660550458715596,261013,11.0,Jerusalem
3310,2016,0.1915137614678899,261013,11.0,Jerusalem
3310,2017,0.19610091743119265,261013,11.0,Jerusalem
3311,2008,0.060240963855421686,10151,11.0,Jerusalem
3311,2009,0.07506950880444857,10151,11.0,Jerusalem
3311,2010,0.1371640407784986,10151,11.0,Jerusalem
3311,2011,0.10843373493975904,10151,11.0,Jerusalem
3311,2012,0.08897126969416126,10151,11.0,Jerusalem
3311,2013,0.1010194624652456,10151,11.0,Jerusalem
3311,2014,0.14272474513438368,10151,11.0,Jerusalem
3311,2015,0.18535681186283595,10151,11.0,Jerusalem
3311,2016,0.1872103799814643,10151,11.0,Jerusalem
3311,2017,0.18906394810009267,10151,11.0,Jerusalem
3312,2008,0.0464,3000432,11.0,Jerusalem
3312,2009,0.0688,3000432,11.0,Jerusalem
3312,2010,0.0928,3000432,11.0,Jerusalem
3312,2011,0.0784,3000432,11.0,Jerusalem
3312,2012,0.0656,3000432,11.0,Jerusalem
3312,2013,0.0912,3000432,11.0,Jerusalem
3312,2014,0.1056,3000432,11.0,Jerusalem
3312,2015,0.1408,3000432,11.0,Jerusalem
3312,2016,0.1456,3000432,11.0,Jerusalem
3312,2017,0.1456,3000432,11.0,Jerusalem
3314,2008,0.0497131931166348,37806,77.0,Judea & Samaria
3314,2009,0.045889101338432124,37806,77.0,Judea & Samaria
3314,2010,0.0994263862332696,37806,77.0,Judea & Samaria
3314,2011,0.06692160611854685,37806,77.0,Judea & Samaria
3314,2012,0.08986615678776291,37806,77.0,Judea & Samaria
3314,2013,0.12237093690248566,37806,77.0,Judea & Samaria
3314,2014,0.13001912045889102,37806,77.0,Judea & Samaria
3314,2015,0.2217973231357553,37806,77.0,Judea & Samaria
3314,2016,0.22562141491395796,37806,77.0,Judea & Samaria
3314,2017,0.22562141491395796,37806,77.0,Judea & Samaria
3315,2008,0.036734693877551024,3000836,11.0,Jerusalem
3315,2009,0.04489795918367346,3000836,11.0,Jerusalem
3315,2010,0.05510204081632653,3000836,11.0,Jerusalem
3315,2011,0.036734693877551024,3000836,11.0,Jerusalem
3315,2012,0.034693877551020415,3000836,11.0,Jerusalem
3315,2013,0.051020408163265314,3000836,11.0,Jerusalem
3315,2014,0.0653061224489796,3000836,11.0,Jerusalem
3315,2015,0.08979591836734692,3000836,11.0,Jerusalem
3315,2016,0.10408163265306122,3000836,11.0,Jerusalem
3315,2017,0.15918367346938775,3000836,11.0,Jerusalem
3318,2008,0.0550552599263201,120014,43.0,Ramla
3318,2009,0.08268522308636922,120014,43.0,Ramla
3318,2010,0.14388047482603356,120014,43.0,Ramla
3318,2011,0.12013917314776912,120014,43.0,Ramla
3318,2012,0.11788784281620958,120014,43.0,Ramla
3318,2013,0.1303724928366762,120014,43.0,Ramla
3318,2014,0.1494064674580434,120014,43.0,Ramla
3318,2015,0.2261563651248465,120014,43.0,Ramla
3318,2016,0.21264838313548914,120014,43.0,Ramla
3318,2017,0.19381907490790007,120014,43.0,Ramla
3320,2008,0.02819738167170192,261038,11.0,Jerusalem
3320,2009,0.039274924471299086,261038,11.0,Jerusalem
3320,2010,0.0755287009063444,261038,11.0,Jerusalem
3320,2011,0.0513595166163142,261038,11.0,Jerusalem
3320,2012,0.0433031218529708,261038,11.0,Jerusalem
3320,2013,0.05941591137965761,261038,11.0,Jerusalem
3320,2014,0.07150050352467271,261038,11.0,Jerusalem
3320,2015,0.09365558912386708,261038,11.0,Jerusalem
3320,2016,0.11782477341389727,261038,11.0,Jerusalem
3320,2017,0.13897280966767372,261038,11.0,Jerusalem
3321,2008,0.08783783783783784,30001133,11.0,Jerusalem
3321,2009,0.09950859950859953,30001133,11.0,Jerusalem
3321,2010,0.15356265356265356,30001133,11.0,Jerusalem
3321,2011,0.12714987714987716,30001133,11.0,Jerusalem
3321,2012,0.12285012285012285,30001133,11.0,Jerusalem
3321,2013,0.14864864864864866,30001133,11.0,Jerusalem
3321,2014,0.1676904176904177,30001133,11.0,Jerusalem
3321,2015,0.23034398034398035,30001133,11.0,Jerusalem
3321,2016,0.2143734643734644,30001133,11.0,Jerusalem
3321,2017,0.22174447174447173,30001133,11.0,Jerusalem
3322,2008,0.01509433962264151,37977,77.0,Judea & Samaria
3322,2009,0.0330188679245283,37977,77.0,Judea & Samaria
3322,2010,0.04858490566037736,37977,77.0,Judea & Samaria
3322,2011,0.03679245283018868,37977,77.0,Judea & Samaria
3322,2012,0.049528301886792456,37977,77.0,Judea & Samaria
3322,2013,0.05566037735849057,37977,77.0,Judea & Samaria
3322,2014,0.06273584905660377,37977,77.0,Judea & Samaria
3322,2015,0.15377358490566034,37977,77.0,Judea & Samaria
3322,2016,0.1311320754716981,37977,77.0,Judea & Samaria
3322,2017,0.14669811320754714,37977,77.0,Judea & Samaria
4403,2008,0.08840227088402271,94004,42.0,Petah Tikva
4403,2009,0.12246553122465532,94004,42.0,Petah Tikva
4403,2010,0.18004866180048662,94004,42.0,Petah Tikva
4403,2011,0.15571776155717762,94004,42.0,Petah Tikva
4403,2012,0.1443633414436334,94004,42.0,Petah Tikva
4403,2013,0.1524736415247364,94004,42.0,Petah Tikva
4403,2014,0.1573398215733982,94004,42.0,Petah Tikva
4403,2015,0.22303325223033246,94004,42.0,Petah Tikva
4403,2016,0.19140308191403085,94004,42.0,Petah Tikva
4403,2017,0.2060016220600162,94004,42.0,Petah Tikva
4404,2008,0.07901726427622842,24004,51.0,Tel Aviv
4404,2009,0.10624169986719788,24004,51.0,Tel Aviv
4404,2010,0.1341301460823373,24004,51.0,Tel Aviv
4404,2011,0.11354581673306773,24004,51.0,Tel Aviv
4404,2012,0.1195219123505976,24004,51.0,Tel Aviv
4404,2013,0.1394422310756972,24004,51.0,Tel Aviv
4404,2014,0.13280212483399734,24004,51.0,Tel Aviv
4404,2015,0.200531208499336,24004,51.0,Tel Aviv
4404,2016,0.1593625498007968,24004,51.0,Tel Aviv
4404,2017,0.16268260292164674,24004,51.0,Tel Aviv
4405,2008,0.07962840079628401,6813,42.0,Petah Tikva
4405,2009,0.11877903118779032,6813,42.0,Petah Tikva
4405,2010,0.15660252156602522,6813,42.0,Petah Tikva
4405,2011,0.13735899137358992,6813,42.0,Petah Tikva
4405,2012,0.1493032514930325,6813,42.0,Petah Tikva
4405,2013,0.1678832116788321,6813,42.0,Petah Tikva
4405,2014,0.17916390179163902,6813,42.0,Petah Tikva
4405,2015,0.24419376244193766,6813,42.0,Petah Tikva
4405,2016,0.2017252820172528,6813,42.0,Petah Tikva
4405,2017,0.2183145321831453,6813,42.0,Petah Tikva
4407,2008,0.0990024468285338,8600134,51.0,Tel Aviv
4407,2009,0.1246000376435159,8600134,51.0,Tel Aviv
4407,2010,0.1637492941840768,8600134,51.0,Tel Aviv
4407,2011,0.15339732731037078,8600134,51.0,Tel Aviv
4407,2012,0.14925654056088838,8600134,51.0,Tel Aviv
4407,2013,0.16638434029738378,8600134,51.0,Tel Aviv
4407,2014,0.19009975531714665,8600134,51.0,Tel Aviv
4407,2015,0.2333897986071899,8600134,51.0,Tel Aviv
4407,2016,0.21099190664408052,8600134,51.0,Tel Aviv
4407,2017,0.2015810276679842,8600134,51.0,Tel Aviv
4408,2008,0.031750655403437224,6100311,51.0,Tel Aviv
4408,2009,0.05010195164579085,6100311,51.0,Tel Aviv
4408,2010,0.061025342266239437,6100311,51.0,Tel Aviv
4408,2011,0.04587824060588407,6100311,51.0,Tel Aviv
4408,2012,0.05461695310224294,6100311,51.0,Tel Aviv
4408,2013,0.06233614914069328,6100311,51.0,Tel Aviv
4408,2014,0.07238566851150598,6100311,51.0,Tel Aviv
4408,2015,0.10573842120594233,6100311,51.0,Tel Aviv
4408,2016,0.0943780949606758,6100311,51.0,Tel Aviv
4408,2017,0.13807165744247013,6100311,51.0,Tel Aviv
4409,2008,0.08569222851260938,26204,51.0,Tel Aviv
4409,2009,0.13329902213072567,26204,51.0,Tel Aviv
4409,2010,0.1752444673185795,26204,51.0,Tel Aviv
4409,2011,0.15671641791044774,26204,51.0,Tel Aviv
4409,2012,0.1610910962429233,26204,51.0,Tel Aviv
4409,2013,0.1752444673185795,26204,51.0,Tel Aviv
4409,2014,0.1878538342768914,26204,51.0,Tel Aviv
4409,2015,0.2547606793618116,26204,51.0,Tel Aviv
4409,2016,0.2274832732887288,26204,51.0,Tel Aviv
4409,2017,0.2241379310344828,26204,51.0,Tel Aviv
4410,2008,0.1019047619047619,630044,51.0,Tel Aviv
4410,2009,0.11682539682539685,630044,51.0,Tel Aviv
4410,2010,0.17904761904761904,630044,51.0,Tel Aviv
4410,2011,0.15428571428571428,630044,51.0,Tel Aviv
4410,2012,0.15873015873015872,630044,51.0,Tel Aviv
4410,2013,0.17587301587301588,630044,51.0,Tel Aviv
4410,2014,0.19968253968253968,630044,51.0,Tel Aviv
4410,2015,0.25587301587301586,630044,51.0,Tel Aviv
4410,2016,0.246031746031746,630044,51.0,Tel Aviv
4410,2017,0.2311111111111111,630044,51.0,Tel Aviv
4411,2008,0.051000645577792124,13043,43.0,Ramla
4411,2009,0.06907682375726275,13043,43.0,Ramla
4411,2010,0.12524209167204647,13043,43.0,Ramla
4411,2011,0.1065203357004519,13043,43.0,Ramla
4411,2012,0.10974822466107166,13043,43.0,Ramla
4411,2013,0.11362169141381535,13043,43.0,Ramla
4411,2014,0.131697869593286,13043,43.0,Ramla
4411,2015,0.1672046481601033,13043,43.0,Ramla
4411,2016,0.15364751452550032,13043,43.0,Ramla
4411,2017,0.14396384764364106,13043,43.0,Ramla
4412,2008,0.09251101321585904,8600313,51.0,Tel Aviv
4412,2009,0.1211453744493392,8600313,51.0,Tel Aviv
4412,2010,0.16905286343612336,8600313,51.0,Tel Aviv
4412,2011,0.14757709251101322,8600313,51.0,Tel Aviv
4412,2012,0.15033039647577093,8600313,51.0,Tel Aviv
4412,2013,0.16134361233480174,8600313,51.0,Tel Aviv
4412,2014,0.18502202643171808,8600313,51.0,Tel Aviv
4412,2015,0.2455947136563877,8600313,51.0,Tel Aviv
4412,2016,0.22191629955947134,8600313,51.0,Tel Aviv
4412,2017,0.19162995594713653,8600313,51.0,Tel Aviv
4413,2008,0.034057045551298425,6100323,51.0,Tel Aviv
4413,2009,0.05385270327799063,6100323,51.0,Tel Aviv
4413,2010,0.06896551724137931,6100323,51.0,Tel Aviv
4413,2011,0.04576415495955726,6100323,51.0,Tel Aviv
4413,2012,0.050234142188165166,6100323,51.0,Tel Aviv
4413,2013,0.06151553852703277,6100323,51.0,Tel Aviv
4413,2014,0.06619838229033631,6100323,51.0,Tel Aviv
4413,2015,0.09365687526607068,6100323,51.0,Tel Aviv
4413,2016,0.08641975308641975,6100323,51.0,Tel Aviv
4413,2017,0.12622392507449978,6100323,51.0,Tel Aviv
4414,2008,0.021139166177334117,13091,42.0,Petah Tikva
4414,2009,0.03934233705226072,13091,42.0,Petah Tikva
4414,2010,0.0739870816206694,13091,42.0,Petah Tikva
4414,2011,0.03347034644744568,13091,42.0,Petah Tikva
4414,2012,0.04110393423370522,13091,42.0,Petah Tikva
4414,2013,0.04521432765707575,13091,42.0,Petah Tikva
4414,2014,0.05695830886670581,13091,42.0,Petah Tikva
4414,2015,0.12037580739870815,13091,42.0,Petah Tikva
4414,2016,0.10569583088667056,13091,42.0,Petah Tikva
4414,2017,0.15619495008807985,13091,42.0,Petah Tikva
4415,2008,0.06350114416475973,260015,62.0,Be'er Sheva
4415,2009,0.08524027459954234,260015,62.0,Be'er Sheva
4415,2010,0.12757437070938216,260015,62.0,Be'er Sheva
4415,2011,0.10183066361556063,260015,62.0,Be'er Sheva
4415,2012,0.12986270022883295,260015,62.0,Be'er Sheva
4415,2013,0.14244851258581234,260015,62.0,Be'er Sheva
4415,2014,0.17848970251716248,260015,62.0,Be'er Sheva
4415,2015,0.19279176201373,260015,62.0,Be'er Sheva
4415,2016,0.20251716247139587,260015,62.0,Be'er Sheva
4415,2017,0.19336384439359267,260015,62.0,Be'er Sheva
5504,2008,0.048834628190898996,1662,44.0,Rehovot
5504,2009,0.07547169811320754,1662,44.0,Rehovot
5504,2010,0.12097669256381798,1662,44.0,Rehovot
5504,2011,0.10654827968923418,1662,44.0,Rehovot
5504,2012,0.11542730299667035,1662,44.0,Rehovot
5504,2013,0.1320754716981132,1662,44.0,Rehovot
5504,2014,0.14428412874583796,1662,44.0,Rehovot
5504,2015,0.20643729189789126,1662,44.0,Rehovot
5504,2016,0.16537180910099888,1662,44.0,Rehovot
5504,2017,0.14317425083240842,1662,44.0,Rehovot
5505,2008,0.0836681635547152,6600412,51.0,Tel Aviv
5505,2009,0.11061214842826757,6600412,51.0,Tel Aviv
5505,2010,0.1552824391396833,6600412,51.0,Tel Aviv
5505,2011,0.1302292602221697,6600412,51.0,Tel Aviv
5505,2012,0.1255022453320728,6600412,51.0,Tel Aviv
5505,2013,0.1574095958402269,6600412,51.0,Tel Aviv
5505,2014,0.17560860316709995,6600412,51.0,Tel Aviv
5505,2015,0.22240605057905927,6600412,51.0,Tel Aviv
5505,2016,0.2176790356889624,6600412,51.0,Tel Aviv
5505,2017,0.1682817300874498,6600412,51.0,Tel Aviv
5506,2008,0.057595149882115185,72004,44.0,Rehovot
5506,2009,0.09666554395419333,72004,44.0,Rehovot
5506,2010,0.15628157628831255,72004,44.0,Rehovot
5506,2011,0.12428427079824855,72004,44.0,Rehovot
5506,2012,0.1377568204782755,72004,44.0,Rehovot
5506,2013,0.16301785112832606,72004,44.0,Rehovot
5506,2014,0.1697541259683395,72004,44.0,Rehovot
5506,2015,0.2428427079824857,72004,44.0,Rehovot
5506,2016,0.2172448635904345,72004,44.0,Rehovot
5506,2017,0.2256652071404513,72004,44.0,Rehovot
5507,2008,0.07952622673434856,70243,61.0,Ashkelon
5507,2009,0.10885504794134236,70243,61.0,Ashkelon
5507,2010,0.14269599548787365,70243,61.0,Ashkelon
5507,2011,0.12408347433728145,70243,61.0,Ashkelon
5507,2012,0.1319796954314721,70243,61.0,Ashkelon
5507,2013,0.1505922165820643,70243,61.0,Ashkelon
5507,2014,0.16469261139311903,70243,61.0,Ashkelon
5507,2015,0.20812182741116755,70243,61.0,Ashkelon
5507,2016,0.1928934010152284,70243,61.0,Ashkelon
5507,2017,0.18274111675126906,70243,61.0,Ashkelon
5509,2008,0.09571344685848504,6200423,51.0,Tel Aviv
5509,2009,0.13603444901154824,6200423,51.0,Tel Aviv
5509,2010,0.17302798982188294,6200423,51.0,Tel Aviv
5509,2011,0.14464670189861029,6200423,51.0,Tel Aviv
5509,2012,0.1469954981405363,6200423,51.0,Tel Aviv
5509,2013,0.1834018398903895,6200423,51.0,Tel Aviv
5509,2014,0.19769035036210608,6200423,51.0,Tel Aviv
5509,2015,0.24075161479741636,6200423,51.0,Tel Aviv
5509,2016,0.22763750244666275,6200423,51.0,Tel Aviv
5509,2017,0.2147191231160697,6200423,51.0,Tel Aviv
5510,2008,0.08319649698960044,6600523,51.0,Tel Aviv
5510,2009,0.10946907498631636,6600523,51.0,Tel Aviv
5510,2010,0.14687100893997446,6600523,51.0,Tel Aviv
5510,2011,0.12753147235905854,6600523,51.0,Tel Aviv
5510,2012,0.12552453931764276,6600523,51.0,Tel Aviv
5510,2013,0.15544608648056926,6600523,51.0,Tel Aviv
5510,2014,0.16621054552089035,6600523,51.0,Tel Aviv
5510,2015,0.21255245393176428,6600523,51.0,Tel Aviv
5510,2016,0.19886881955847474,6600523,51.0,Tel Aviv
5510,2017,0.18025907681080092,6600523,51.0,Tel Aviv
5511,2008,0.06792287467134094,26608,44.0,Rehovot
5511,2009,0.10385626643295356,26608,44.0,Rehovot
5511,2010,0.15030674846625766,26608,44.0,Rehovot
5511,2011,0.13102541630148992,26608,44.0,Rehovot
5511,2012,0.12182296231375984,26608,44.0,Rehovot
5511,2013,0.15819456617002628,26608,44.0,Rehovot
5511,2014,0.16652059596844873,26608,44.0,Rehovot
5511,2015,0.21603856266432955,26608,44.0,Rehovot
5511,2016,0.20683610867659946,26608,44.0,Rehovot
5511,2017,0.19106047326906225,26608,44.0,Rehovot
5512,2008,0.08158648770924445,8300121,44.0,Rehovot
5512,2009,0.11853415774393004,8300121,44.0,Rehovot
5512,2010,0.15412456643040265,8300121,44.0,Rehovot
5512,2011,0.12426481676971801,8300121,44.0,Rehovot
5512,2012,0.1247172372191223,8300121,44.0,Rehovot
5512,2013,0.14975116875282762,8300121,44.0,Rehovot
5512,2014,0.17222138440657514,8300121,44.0,Rehovot
5512,2015,0.23284572462675315,8300121,44.0,Rehovot
5512,2016,0.21957472477755996,8300121,44.0,Rehovot
5512,2017,0.19227869099683306,8300121,44.0,Rehovot
5513,2008,0.08333333333333333,8400412,44.0,Rehovot
5513,2009,0.11408730158730157,8400412,44.0,Rehovot
5513,2010,0.15575396825396826,8400412,44.0,Rehovot
5513,2011,0.13938492063492064,8400412,44.0,Rehovot
5513,2012,0.1527777777777778,8400412,44.0,Rehovot
5513,2013,0.16964285714285715,8400412,44.0,Rehovot
5513,2014,0.1939484126984127,8400412,44.0,Rehovot
5513,2015,0.2663690476190476,8400412,44.0,Rehovot
5513,2016,0.23561507936507936,8400412,44.0,Rehovot
5513,2017,0.23313492063492064,8400412,44.0,Rehovot
5514,2008,0.0636604774535809,5651,51.0,Tel Aviv
5514,2009,0.10079575596816977,5651,51.0,Tel Aviv
5514,2010,0.1206896551724138,5651,51.0,Tel Aviv
5514,2011,0.09549071618037136,5651,51.0,Tel Aviv
5514,2012,0.10079575596816977,5651,51.0,Tel Aviv
5514,2013,0.1273209549071618,5651,51.0,Tel Aviv
5514,2014,0.15119363395225466,5651,51.0,Tel Aviv
5514,2015,0.2320954907161804,5651,51.0,Tel Aviv
5514,2016,0.2307692307692308,5651,51.0,Tel Aviv
5514,2017,0.19363395225464192,5651,51.0,Tel Aviv
5516,2008,0.07084468664850138,10343,61.0,Ashkelon
5516,2009,0.0885558583106267,10343,61.0,Ashkelon
5516,2010,0.11444141689373295,10343,61.0,Ashkelon
5516,2011,0.1212534059945504,10343,61.0,Ashkelon
5516,2012,0.13487738419618528,10343,61.0,Ashkelon
5516,2013,0.13760217983651227,10343,61.0,Ashkelon
5516,2014,0.14986376021798364,10343,61.0,Ashkelon
5516,2015,0.223433242506812,10343,61.0,Ashkelon
5516,2016,0.2111716621253406,10343,61.0,Ashkelon
5516,2017,0.20299727520435967,10343,61.0,Ashkelon
5517,2008,0.0808124459809853,850022,43.0,Ramla
5517,2009,0.11279170267934313,850022,43.0,Ramla
5517,2010,0.1633535004321521,850022,43.0,Ramla
5517,2011,0.13396715643906654,850022,43.0,Ramla
5517,2012,0.14693171996542784,850022,43.0,Ramla
5517,2013,0.165514261019879,850022,43.0,Ramla
5517,2014,0.1853932584269663,850022,43.0,Ramla
5517,2015,0.2458945548833189,850022,43.0,Ramla
5517,2016,0.233362143474503,850022,43.0,Ramla
5517,2017,0.2290406222990493,850022,43.0,Ramla
5521,2008,0.08581560283687943,6600427,51.0,Tel Aviv
5521,2009,0.11914893617021274,6600427,51.0,Tel Aviv
5521,2010,0.15886524822695036,6600427,51.0,Tel Aviv
5521,2011,0.13404255319148936,6600427,51.0,Tel Aviv
5521,2012,0.14468085106382975,6600427,51.0,Tel Aviv
5521,2013,0.1553191489361702,6600427,51.0,Tel Aviv
5521,2014,0.15177304964539007,6600427,51.0,Tel Aviv
5521,2015,0.19645390070921984,6600427,51.0,Tel Aviv
5521,2016,0.19858156028368795,6600427,51.0,Tel Aviv
5521,2017,0.16950354609929075,6600427,51.0,Tel Aviv
5522,2008,0.09670781893004116,700021,43.0,Ramla
5522,2009,0.12654320987654322,700021,43.0,Ramla
5522,2010,0.1800411522633745,700021,43.0,Ramla
5522,2011,0.14609053497942387,700021,43.0,Ramla
5522,2012,0.13734567901234568,700021,43.0,Ramla
5522,2013,0.15483539094650206,700021,43.0,Ramla
5522,2014,0.16512345679012347,700021,43.0,Ramla
5522,2015,0.20164609053497945,700021,43.0,Ramla
5522,2016,0.19804526748971196,700021,43.0,Ramla
5522,2017,0.2073045267489712,700021,43.0,Ramla
5523,2008,0.04706853839801817,25502,44.0,Rehovot
5523,2009,0.08918249380677126,25502,44.0,Rehovot
5523,2010,0.13047068538398018,25502,44.0,Rehovot
5523,2011,0.11147811725846407,25502,44.0,Rehovot
5523,2012,0.1453344343517754,25502,44.0,Rehovot
5523,2013,0.16432700247729148,25502,44.0,Rehovot
5523,2014,0.16515276630883569,25502,44.0,Rehovot
5523,2015,0.2320396366639141,25502,44.0,Rehovot
5523,2016,0.21635012386457472,25502,44.0,Rehovot
5523,2017,0.19405450041288191,25502,44.0,Rehovot
5525,2008,0.08156329651656755,70222,61.0,Ashkelon
5525,2009,0.1104502973661852,70222,61.0,Ashkelon
5525,2010,0.1580288870008496,70222,61.0,Ashkelon
5525,2011,0.12829226847918435,70222,61.0,Ashkelon
5525,2012,0.12489379779099405,70222,61.0,Ashkelon
5525,2013,0.14613423959218352,70222,61.0,Ashkelon
5525,2014,0.17247238742565846,70222,61.0,Ashkelon
5525,2015,0.1860662701784197,70222,61.0,Ashkelon
5525,2016,0.18351741716227696,70222,61.0,Ashkelon
5525,2017,0.18521665250637206,70222,61.0,Ashkelon
5526,2008,0.05656108597285067,70143,61.0,Ashkelon
5526,2009,0.08031674208144797,70143,61.0,Ashkelon
5526,2010,0.1334841628959276,70143,61.0,Ashkelon
5526,2011,0.09502262443438914,70143,61.0,Ashkelon
5526,2012,0.10294117647058824,70143,61.0,Ashkelon
5526,2013,0.12669683257918551,70143,61.0,Ashkelon
5526,2014,0.12669683257918551,70143,61.0,Ashkelon
5526,2015,0.167420814479638,70143,61.0,Ashkelon
5526,2016,0.17986425339366516,70143,61.0,Ashkelon
5526,2017,0.2058823529411765,70143,61.0,Ashkelon
5527,2008,0.08788689338937715,8300515,44.0,Rehovot
5527,2009,0.12533435231180742,8300515,44.0,Rehovot
5527,2010,0.16048910966755828,8300515,44.0,Rehovot
5527,2011,0.15093618647306076,8300515,44.0,Rehovot
5527,2012,0.14252961406190295,8300515,44.0,Rehovot
5527,2013,0.16392816201757734,8300515,44.0,Rehovot
5527,2014,0.20252197172334732,8300515,44.0,Rehovot
5527,2015,0.2529614061902942,8300515,44.0,Rehovot
5527,2016,0.2281238058846007,8300515,44.0,Rehovot
5527,2017,0.21131066106228505,8300515,44.0,Rehovot
5528,2008,0.06699284907790741,8300612,44.0,Rehovot
5528,2009,0.10462928114414753,8300612,44.0,Rehovot
5528,2010,0.14904027098231087,8300612,44.0,Rehovot
5528,2011,0.12758750470455402,8300612,44.0,Rehovot
5528,2012,0.1226947685359428,8300612,44.0,Rehovot
5528,2013,0.1569439217162213,8300612,44.0,Rehovot
5528,2014,0.18103123823861494,8300612,44.0,Rehovot
5528,2015,0.22393677079412871,8300612,44.0,Rehovot
5528,2016,0.20963492660895747,8300612,44.0,Rehovot
5528,2017,0.18479488144523895,8300612,44.0,Rehovot
5529,2008,0.061876247504990024,70425,61.0,Ashkelon
5529,2009,0.0825016633399867,70425,61.0,Ashkelon
5529,2010,0.13905522288755826,70425,61.0,Ashkelon
5529,2011,0.10578842315369262,70425,61.0,Ashkelon
5529,2012,0.11177644710578842,70425,61.0,Ashkelon
5529,2013,0.12308715901530272,70425,61.0,Ashkelon
5529,2014,0.12907518296739853,70425,61.0,Ashkelon
5529,2015,0.17498336660013306,70425,61.0,Ashkelon
5529,2016,0.1656686626746507,70425,61.0,Ashkelon
5529,2017,0.16833000665335995,70425,61.0,Ashkelon
5531,2008,0.17624521072796934,10661,44.0,Rehovot
5531,2009,0.19923371647509575,10661,44.0,Rehovot
5531,2010,0.2567049808429119,10661,44.0,Rehovot
5531,2011,0.2413793103448276,10661,44.0,Rehovot
5531,2012,0.2413793103448276,10661,44.0,Rehovot
5531,2013,0.2988505747126437,10661,44.0,Rehovot
5531,2014,0.2796934865900383,10661,44.0,Rehovot
5531,2015,0.3409961685823755,10661,44.0,Rehovot
5531,2016,0.3295019157088123,10661,44.0,Rehovot
5531,2017,0.3218390804597701,10661,44.0,Rehovot
5532,2008,0.07438650306748466,8400214,44.0,Rehovot
5532,2009,0.08895705521472393,8400214,44.0,Rehovot
5532,2010,0.14570552147239266,8400214,44.0,Rehovot
5532,2011,0.10966257668711656,8400214,44.0,Rehovot
5532,2012,0.12269938650306747,8400214,44.0,Rehovot
5532,2013,0.13420245398773006,8400214,44.0,Rehovot
5532,2014,0.16487730061349692,8400214,44.0,Rehovot
5532,2015,0.2124233128834356,8400214,44.0,Rehovot
5532,2016,0.2093558282208589,8400214,44.0,Rehovot
5532,2017,0.18634969325153372,8400214,44.0,Rehovot
5533,2008,0.10341415141019296,6200114,51.0,Tel Aviv
5533,2009,0.15437902028698666,6200114,51.0,Tel Aviv
5533,2010,0.1850569025235032,6200114,51.0,Tel Aviv
5533,2011,0.15685304304799605,6200114,51.0,Tel Aviv
5533,2012,0.16378030677882235,6200114,51.0,Tel Aviv
5533,2013,0.2003958436417615,6200114,51.0,Tel Aviv
5533,2014,0.21177634834240475,6200114,51.0,Tel Aviv
5533,2015,0.24888668975754574,6200114,51.0,Tel Aviv
5533,2016,0.2503711034141514,6200114,51.0,Tel Aviv
5533,2017,0.23156853043047995,6200114,51.0,Tel Aviv
5534,2008,0.05438066465256797,281,44.0,Rehovot
5534,2009,0.08006042296072508,281,44.0,Rehovot
5534,2010,0.13746223564954682,281,44.0,Rehovot
5534,2011,0.09818731117824774,281,44.0,Rehovot
5534,2012,0.11178247734138973,281,44.0,Rehovot
5534,2013,0.1419939577039275,281,44.0,Rehovot
5534,2014,0.15256797583081572,281,44.0,Rehovot
5534,2015,0.23867069486404835,281,44.0,Rehovot
5534,2016,0.21450151057401806,281,44.0,Rehovot
5534,2017,0.21299093655589124,281,44.0,Rehovot
5535,2008,0.022116903633491312,70211,61.0,Ashkelon
5535,2009,0.053185887309110065,70211,61.0,Ashkelon
5535,2010,0.12480252764612955,70211,61.0,Ashkelon
5535,2011,0.07266982622432859,70211,61.0,Ashkelon
5535,2012,0.07688256977356503,70211,61.0,Ashkelon
5535,2013,0.0984728804634018,70211,61.0,Ashkelon
5535,2014,0.0832016850974197,70211,61.0,Ashkelon
5535,2015,0.14586624539231174,70211,61.0,Ashkelon
5535,2016,0.12796208530805686,70211,61.0,Ashkelon
5535,2017,0.16377040547656666,70211,61.0,Ashkelon
6116,2008,0.09006622516556291,650053,32.0,Hadera
6116,2009,0.1251655629139073,650053,32.0,Hadera
6116,2010,0.1629139072847682,650053,32.0,Hadera
6116,2011,0.13311258278145696,650053,32.0,Hadera
6116,2012,0.12582781456953646,650053,32.0,Hadera
6116,2013,0.14437086092715232,650053,32.0,Hadera
6116,2014,0.14834437086092714,650053,32.0,Hadera
6116,2015,0.209271523178808,650053,32.0,Hadera
6116,2016,0.1986754966887417,650053,32.0,Hadera
6116,2017,0.19205298013245034,650053,32.0,Hadera
6602,2008,0.07142857142857142,1682,41.0,Sharon
6602,2009,0.10075187969924812,1682,41.0,Sharon
6602,2010,0.14285714285714285,1682,41.0,Sharon
6602,2011,0.12781954887218044,1682,41.0,Sharon
6602,2012,0.1330827067669173,1682,41.0,Sharon
6602,2013,0.1263157894736842,1682,41.0,Sharon
6602,2014,0.16090225563909774,1682,41.0,Sharon
6602,2015,0.18421052631578946,1682,41.0,Sharon
6602,2016,0.181203007518797,1682,41.0,Sharon
6602,2017,0.17293233082706766,1682,41.0,Sharon
6603,2008,0.1152,10203,32.0,Hadera
6603,2009,0.1472,10203,32.0,Hadera
6603,2010,0.2032,10203,32.0,Hadera
6603,2011,0.1856,10203,32.0,Hadera
6603,2012,0.1712,10203,32.0,Hadera
6603,2013,0.1984,10203,32.0,Hadera
6603,2014,0.2128,10203,32.0,Hadera
6603,2015,0.2576,10203,32.0,Hadera
6603,2016,0.2224,10203,32.0,Hadera
6603,2017,0.2112,10203,32.0,Hadera
6604,2008,0.05583333333333333,78007,32.0,Hadera
6604,2009,0.07083333333333333,78007,32.0,Hadera
6604,2010,0.11166666666666666,78007,32.0,Hadera
6604,2011,0.08833333333333332,78007,32.0,Hadera
6604,2012,0.08666666666666667,78007,32.0,Hadera
6604,2013,0.10333333333333332,78007,32.0,Hadera
6604,2014,0.10833333333333334,78007,32.0,Hadera
6604,2015,0.1775,78007,32.0,Hadera
6604,2016,0.1375,78007,32.0,Hadera
6604,2017,0.1425,78007,32.0,Hadera
6605,2008,0.07202881152460984,12244,42.0,Petah Tikva
6605,2009,0.1020408163265306,12244,42.0,Petah Tikva
6605,2010,0.1608643457382953,12244,42.0,Petah Tikva
6605,2011,0.13805522208883553,12244,42.0,Petah Tikva
6605,2012,0.14765906362545014,12244,42.0,Petah Tikva
6605,2013,0.17406962785114047,12244,42.0,Petah Tikva
6605,2014,0.18967587034813926,12244,42.0,Petah Tikva
6605,2015,0.26290516206482595,12244,42.0,Petah Tikva
6605,2016,0.23169267707082836,12244,42.0,Petah Tikva
6605,2017,0.19327731092436976,12244,42.0,Petah Tikva
6606,2008,0.06051964512040558,1541,41.0,Sharon
6606,2009,0.08428390367553866,1541,41.0,Sharon
6606,2010,0.1552598225602028,1541,41.0,Sharon
6606,2011,0.11248415716096324,1541,41.0,Sharon
6606,2012,0.11692015209125475,1541,41.0,Sharon
6606,2013,0.1181875792141952,1541,41.0,Sharon
6606,2014,0.14638783269961975,1541,41.0,Sharon
6606,2015,0.20278833967046891,1541,41.0,Sharon
6606,2016,0.1679340937896071,1541,41.0,Sharon
6606,2017,0.17173637515842838,1541,41.0,Sharon
6607,2008,0.10456583774969423,640042,51.0,Tel Aviv
6607,2009,0.14594374235629842,640042,51.0,Tel Aviv
6607,2010,0.21402364451691805,640042,51.0,Tel Aviv
6607,2011,0.17713004484304934,640042,51.0,Tel Aviv
6607,2012,0.18406033428454954,640042,51.0,Tel Aviv
6607,2013,0.2005707297187118,640042,51.0,Tel Aviv
6607,2014,0.21687729311047696,640042,51.0,Tel Aviv
6607,2015,0.2770077456176111,640042,51.0,Tel Aviv
6607,2016,0.2643701589889931,640042,51.0,Tel Aviv
6607,2017,0.25173257236037505,640042,51.0,Tel Aviv
6608,2008,0.1069364161849711,7400522,41.0,Sharon
6608,2009,0.1295761078998073,7400522,41.0,Sharon
6608,2010,0.1844894026974952,7400522,41.0,Sharon
6608,2011,0.16522157996146436,7400522,41.0,Sharon
6608,2012,0.1613680154142582,7400522,41.0,Sharon
6608,2013,0.174373795761079,7400522,41.0,Sharon
6608,2014,0.1907514450867052,7400522,41.0,Sharon
6608,2015,0.2321772639691715,7400522,41.0,Sharon
6608,2016,0.22447013487475914,7400522,41.0,Sharon
6608,2017,0.2186897880539499,7400522,41.0,Sharon
6609,2008,0.12637362637362634,7400331,41.0,Sharon
6609,2009,0.15029088558500325,7400331,41.0,Sharon
6609,2010,0.1968325791855204,7400331,41.0,Sharon
6609,2011,0.16968325791855204,7400331,41.0,Sharon
6609,2012,0.1638655462184874,7400331,41.0,Sharon
6609,2013,0.17194570135746606,7400331,41.0,Sharon
6609,2014,0.18422753716871365,7400331,41.0,Sharon
6609,2015,0.21266968325791852,7400331,41.0,Sharon
6609,2016,0.213639301874596,7400331,41.0,Sharon
6609,2017,0.22010342598577887,7400331,41.0,Sharon
6610,2008,0.0814456604734029,7900311,42.0,Petah Tikva
6610,2009,0.11300585390684653,7900311,42.0,Petah Tikva
6610,2010,0.15436497836599644,7900311,42.0,Petah Tikva
6610,2011,0.1359124459149911,7900311,42.0,Petah Tikva
6610,2012,0.14023924662764062,7900311,42.0,Petah Tikva
6610,2013,0.1518198014762026,7900311,42.0,Petah Tikva
6610,2014,0.17701705268516166,7900311,42.0,Petah Tikva
6610,2015,0.23212013234919826,7900311,42.0,Petah Tikva
6610,2016,0.22130313056757445,7900311,42.0,Petah Tikva
6610,2017,0.2270297785696106,7900311,42.0,Petah Tikva
6611,2008,0.09190321079571892,870018,42.0,Petah Tikva
6611,2009,0.1365751512331317,870018,42.0,Petah Tikva
6611,2010,0.2035830618892508,870018,42.0,Petah Tikva
6611,2011,0.15798045602605862,870018,42.0,Petah Tikva
6611,2012,0.1642624476500698,870018,42.0,Petah Tikva
6611,2013,0.16938110749185667,870018,42.0,Petah Tikva
6611,2014,0.20614239181014427,870018,42.0,Petah Tikva
6611,2015,0.25732899022801303,870018,42.0,Petah Tikva
6611,2016,0.2482550023266636,870018,42.0,Petah Tikva
6611,2017,0.23964634713820385,870018,42.0,Petah Tikva
6612,2008,0.05263157894736842,27207,41.0,Sharon
6612,2009,0.08502024291497975,27207,41.0,Sharon
6612,2010,0.15182186234817813,27207,41.0,Sharon
6612,2011,0.1437246963562753,27207,41.0,Sharon
6612,2012,0.1396761133603239,27207,41.0,Sharon
6612,2013,0.18421052631578946,27207,41.0,Sharon
6612,2014,0.13360323886639675,27207,41.0,Sharon
6612,2015,0.18218623481781376,27207,41.0,Sharon
6612,2016,0.18218623481781376,27207,41.0,Sharon
6612,2017,0.2145748987854251,27207,41.0,Sharon
6613,2008,0.1096023278370514,265023,51.0,Tel Aviv
6613,2009,0.15518913676042678,265023,51.0,Tel Aviv
6613,2010,0.21176850953766568,265023,51.0,Tel Aviv
6613,2011,0.1871968962172648,265023,51.0,Tel Aviv
6613,2012,0.19139993533785968,265023,51.0,Tel Aviv
6613,2013,0.1988360814742968,265023,51.0,Tel Aviv
6613,2014,0.23375363724539286,265023,51.0,Tel Aviv
6613,2015,0.2925961849337213,265023,51.0,Tel Aviv
6613,2016,0.27416747494342064,265023,51.0,Tel Aviv
6613,2017,0.2547688328483673,265023,51.0,Tel Aviv
6614,2008,0.09238611022618667,690052,42.0,Petah Tikva
6614,2009,0.12742911755336095,690052,42.0,Petah Tikva
6614,2010,0.1850907932462568,690052,42.0,Petah Tikva
6614,2011,0.14909206753743232,690052,42.0,Petah Tikva
6614,2012,0.15833067856005098,690052,42.0,Petah Tikva
6614,2013,0.1771264733991717,690052,42.0,Petah Tikva
6614,2014,0.19910799617712646,690052,42.0,Petah Tikva
6614,2015,0.2287352660082829,690052,42.0,Petah Tikva
6614,2016,0.2306467027715833,690052,42.0,Petah Tikva
6614,2017,0.20643517043644471,690052,42.0,Petah Tikva
6615,2008,0.057163531114327065,35703,77.0,Judea & Samaria
6615,2009,0.07163531114327062,35703,77.0,Judea & Samaria
6615,2010,0.11432706222865413,35703,77.0,Judea & Samaria
6615,2011,0.10057887120115774,35703,77.0,Judea & Samaria
6615,2012,0.09044862518089723,35703,77.0,Judea & Samaria
6615,2013,0.11577424023154848,35703,77.0,Judea & Samaria
6615,2014,0.1316931982633864,35703,77.0,Judea & Samaria
6615,2015,0.17872648335745298,35703,77.0,Judea & Samaria
6615,2016,0.16570188133140376,35703,77.0,Judea & Samaria
6615,2017,0.16859623733719248,35703,77.0,Judea & Samaria
6616,2008,0.06690483923351738,970021,42.0,Petah Tikva
6616,2009,0.1146476128613186,970021,42.0,Petah Tikva
6616,2010,0.17148424813251056,970021,42.0,Petah Tikva
6616,2011,0.14582656706722966,970021,42.0,Petah Tikva
6616,2012,0.17440727508931472,970021,42.0,Petah Tikva
6616,2013,0.16726209808379344,970021,42.0,Petah Tikva
6616,2014,0.19356934069503084,970021,42.0,Petah Tikva
6616,2015,0.2478077297823969,970021,42.0,Petah Tikva
6616,2016,0.2413121143228321,970021,42.0,Petah Tikva
6616,2017,0.2396882104579409,970021,42.0,Petah Tikva
6617,2008,0.06485587583148557,26409,42.0,Petah Tikva
6617,2009,0.10144124168514412,26409,42.0,Petah Tikva
6617,2010,0.1385809312638581,26409,42.0,Petah Tikva
6617,2011,0.13470066518847007,26409,42.0,Petah Tikva
6617,2012,0.14079822616407986,26409,42.0,Petah Tikva
6617,2013,0.15687361419068735,26409,42.0,Petah Tikva
6617,2014,0.1696230598669623,26409,42.0,Petah Tikva
6617,2015,0.21674057649667405,26409,42.0,Petah Tikva
6617,2016,0.1973392461197339,26409,42.0,Petah Tikva
6617,2017,0.18902439024390244,26409,42.0,Petah Tikva
6618,2008,0.07888631090487239,37501,77.0,Judea & Samaria
6618,2009,0.10208816705336426,37501,77.0,Judea & Samaria
6618,2010,0.2099767981438515,37501,77.0,Judea & Samaria
6618,2011,0.16473317865429235,37501,77.0,Judea & Samaria
6618,2012,0.17749419953596288,37501,77.0,Judea & Samaria
6618,2013,0.20649651972157773,37501,77.0,Judea & Samaria
6618,2014,0.1937354988399072,37501,77.0,Judea & Samaria
6618,2015,0.2900232018561485,37501,77.0,Judea & Samaria
6618,2016,0.2784222737819025,37501,77.0,Judea & Samaria
6618,2017,0.22273781902552206,37501,77.0,Judea & Samaria
6619,2008,0.064453125,37601,77.0,Judea & Samaria
6619,2009,0.10546875,37601,77.0,Judea & Samaria
6619,2010,0.138671875,37601,77.0,Judea & Samaria
6619,2011,0.115234375,37601,77.0,Judea & Samaria
6619,2012,0.125,37601,77.0,Judea & Samaria
6619,2013,0.1376953125,37601,77.0,Judea & Samaria
6619,2014,0.1572265625,37601,77.0,Judea & Samaria
6619,2015,0.2080078125,37601,77.0,Judea & Samaria
6619,2016,0.21484375,37601,77.0,Judea & Samaria
6619,2017,0.19921875,37601,77.0,Judea & Samaria
6621,2008,0.0569620253164557,27305,41.0,Sharon
6621,2009,0.07911392405063293,27305,41.0,Sharon
6621,2010,0.18037974683544306,27305,41.0,Sharon
6621,2011,0.10917721518987343,27305,41.0,Sharon
6621,2012,0.1060126582278481,27305,41.0,Sharon
6621,2013,0.16772151898734178,27305,41.0,Sharon
6621,2014,0.16455696202531644,27305,41.0,Sharon
6621,2015,0.19936708860759492,27305,41.0,Sharon
6621,2016,0.17246835443037975,27305,41.0,Sharon
6621,2017,0.20253164556962025,27305,41.0,Sharon
6622,2008,0.08559498956158662,6382,41.0,Sharon
6622,2009,0.11691022964509395,6382,41.0,Sharon
6622,2010,0.1649269311064718,6382,41.0,Sharon
6622,2011,0.1315240083507307,6382,41.0,Sharon
6622,2012,0.1127348643006263,6382,41.0,Sharon
6622,2013,0.1440501043841336,6382,41.0,Sharon
6622,2014,0.11691022964509395,6382,41.0,Sharon
6622,2015,0.16910229645093947,6382,41.0,Sharon
6622,2016,0.1524008350730689,6382,41.0,Sharon
6622,2017,0.1837160751565762,6382,41.0,Sharon
6623,2008,0.06788866259334693,7400122,41.0,Sharon
6623,2009,0.09572301425661914,7400122,41.0,Sharon
6623,2010,0.13713509843856075,7400122,41.0,Sharon
6623,2011,0.11744738628649015,7400122,41.0,Sharon
6623,2012,0.11473183978275628,7400122,41.0,Sharon
6623,2013,0.12491513917175832,7400122,41.0,Sharon
6623,2014,0.14392396469789545,7400122,41.0,Sharon
6623,2015,0.21452817379497624,7400122,41.0,Sharon
6623,2016,0.19212491513917174,7400122,41.0,Sharon
6623,2017,0.1955193482688391,7400122,41.0,Sharon
6624,2008,0.04116529449018366,7900523,42.0,Petah Tikva
6624,2009,0.06903103229892336,7900523,42.0,Petah Tikva
6624,2010,0.10892970234325522,7900523,42.0,Petah Tikva
6624,2011,0.08106396453451553,7900523,42.0,Petah Tikva
6624,2012,0.10702976567447753,7900523,42.0,Petah Tikva
6624,2013,0.12096263457884734,7900523,42.0,Petah Tikva
6624,2014,0.12476250791640278,7900523,42.0,Petah Tikva
6624,2015,0.1811272957568081,7900523,42.0,Petah Tikva
6624,2016,0.17099430018999368,7900523,42.0,Petah Tikva
6624,2017,0.20962634578847367,7900523,42.0,Petah Tikva
6626,2008,0.0711071107110711,690021,42.0,Petah Tikva
6626,2009,0.09000900090009001,690021,42.0,Petah Tikva
6626,2010,0.1548154815481548,690021,42.0,Petah Tikva
6626,2011,0.11791179117911793,690021,42.0,Petah Tikva
6626,2012,0.13861386138613865,690021,42.0,Petah Tikva
6626,2013,0.13141314131413145,690021,42.0,Petah Tikva
6626,2014,0.17551755175517553,690021,42.0,Petah Tikva
6626,2015,0.2457245724572457,690021,42.0,Petah Tikva
6626,2016,0.2295229522952295,690021,42.0,Petah Tikva
6626,2017,0.2223222322232223,690021,42.0,Petah Tikva
6627,2008,0.036764705882352935,12471,32.0,Hadera
6627,2009,0.05882352941176471,12471,32.0,Hadera
6627,2010,0.08823529411764706,12471,32.0,Hadera
6627,2011,0.08455882352941177,12471,32.0,Hadera
6627,2012,0.07720588235294118,12471,32.0,Hadera
6627,2013,0.07720588235294118,12471,32.0,Hadera
6627,2014,0.07720588235294118,12471,32.0,Hadera
6627,2015,0.1176470588235294,12471,32.0,Hadera
6627,2016,0.13602941176470587,12471,32.0,Hadera
6627,2017,0.10661764705882353,12471,32.0,Hadera
7704,2008,0.090625,263032,61.0,Ashkelon
7704,2009,0.10520833333333332,263032,61.0,Ashkelon
7704,2010,0.14583333333333334,263032,61.0,Ashkelon
7704,2011,0.10625,263032,61.0,Ashkelon
7704,2012,0.13020833333333334,263032,61.0,Ashkelon
7704,2013,0.18333333333333326,263032,61.0,Ashkelon
7704,2014,0.19791666666666666,263032,61.0,Ashkelon
7704,2015,0.2520833333333333,263032,61.0,Ashkelon
7704,2016,0.2427083333333333,263032,61.0,Ashkelon
7704,2017,0.25104166666666666,263032,61.0,Ashkelon
7705,2008,0.08108108108108109,9000422,62.0,Be'er Sheva
7705,2009,0.11045828437132783,9000422,62.0,Be'er Sheva
7705,2010,0.17508813160987075,9000422,62.0,Be'er Sheva
7705,2011,0.14806110458284372,9000422,62.0,Be'er Sheva
7705,2012,0.10810810810810813,9000422,62.0,Be'er Sheva
7705,2013,0.15393654524089306,9000422,62.0,Be'er Sheva
7705,2014,0.15863689776733256,9000422,62.0,Be'er Sheva
7705,2015,0.199764982373678,9000422,62.0,Be'er Sheva
7705,2016,0.19858989424206816,9000422,62.0,Be'er Sheva
7705,2017,0.1762632197414806,9000422,62.0,Be'er Sheva
7706,2008,0.059701492537313425,10591,62.0,Be'er Sheva
7706,2009,0.06716417910447761,10591,62.0,Be'er Sheva
7706,2010,0.08208955223880597,10591,62.0,Be'er Sheva
7706,2011,0.037313432835820885,10591,62.0,Be'er Sheva
7706,2012,0.00746268656716418,10591,62.0,Be'er Sheva
7706,2013,0.07462686567164177,10591,62.0,Be'er Sheva
7706,2014,0.037313432835820885,10591,62.0,Be'er Sheva
7706,2015,0.037313432835820885,10591,62.0,Be'er Sheva
7706,2016,0.02985074626865672,10591,62.0,Be'er Sheva
7706,2017,0.04477611940298507,10591,62.0,Be'er Sheva
7707,2008,0.1312127236580517,9000623,62.0,Be'er Sheva
7707,2009,0.15308151093439365,9000623,62.0,Be'er Sheva
7707,2010,0.18041749502982107,9000623,62.0,Be'er Sheva
7707,2011,0.16848906560636182,9000623,62.0,Be'er Sheva
7707,2012,0.13518886679920478,9000623,62.0,Be'er Sheva
7707,2013,0.1933399602385686,9000623,62.0,Be'er Sheva
7707,2014,0.19681908548707752,9000623,62.0,Be'er Sheva
7707,2015,0.2311133200795229,9000623,62.0,Be'er Sheva
7707,2016,0.22415506958250495,9000623,62.0,Be'er Sheva
7707,2017,0.22216699801192846,9000623,62.0,Be'er Sheva
7708,2008,0.10220214568040653,25601,62.0,Be'er Sheva
7708,2009,0.12704686617730096,25601,62.0,Be'er Sheva
7708,2010,0.17447769621682666,25601,62.0,Be'er Sheva
7708,2011,0.13382269904009034,25601,62.0,Be'er Sheva
7708,2012,0.14003387916431395,25601,62.0,Be'er Sheva
7708,2013,0.1795595708639187,25601,62.0,Be'er Sheva
7708,2014,0.1852060982495765,25601,62.0,Be'er Sheva
7708,2015,0.23715415019762845,25601,62.0,Be'er Sheva
7708,2016,0.2456239412761152,25601,62.0,Be'er Sheva
7708,2017,0.2715979672501412,25601,62.0,Be'er Sheva
7709,2008,0.058181818181818175,991,62.0,Be'er Sheva
7709,2009,0.12727272727272726,991,62.0,Be'er Sheva
7709,2010,0.12727272727272726,991,62.0,Be'er Sheva
7709,2011,0.12727272727272726,991,62.0,Be'er Sheva
7709,2012,0.12363636363636366,991,62.0,Be'er Sheva
7709,2013,0.15272727272727274,991,62.0,Be'er Sheva
7709,2014,0.15272727272727274,991,62.0,Be'er Sheva
7709,2015,0.18545454545454546,991,62.0,Be'er Sheva
7709,2016,0.2,991,62.0,Be'er Sheva
7709,2017,0.1781818181818182,991,62.0,Be'er Sheva
7710,2008,0.08,313,62.0,Be'er Sheva
7710,2009,0.1009090909090909,313,62.0,Be'er Sheva
7710,2010,0.13636363636363635,313,62.0,Be'er Sheva
7710,2011,0.11545454545454545,313,62.0,Be'er Sheva
7710,2012,0.10909090909090907,313,62.0,Be'er Sheva
7710,2013,0.15363636363636365,313,62.0,Be'er Sheva
7710,2014,0.1318181818181818,313,62.0,Be'er Sheva
7710,2015,0.17545454545454545,313,62.0,Be'er Sheva
7710,2016,0.14181818181818182,313,62.0,Be'er Sheva
7710,2017,0.1409090909090909,313,62.0,Be'er Sheva
7711,2008,0.08159392789373814,22004,62.0,Be'er Sheva
7711,2009,0.1413662239089184,22004,62.0,Be'er Sheva
7711,2010,0.14041745730550284,22004,62.0,Be'er Sheva
7711,2011,0.11954459203036052,22004,62.0,Be'er Sheva
7711,2012,0.09867172675521822,22004,62.0,Be'er Sheva
7711,2013,0.12333965844402275,22004,62.0,Be'er Sheva
7711,2014,0.1176470588235294,22004,62.0,Be'er Sheva
7711,2015,0.16413662239089186,22004,62.0,Be'er Sheva
7711,2016,0.16698292220113853,22004,62.0,Be'er Sheva
7711,2017,0.17267552182163187,22004,62.0,Be'er Sheva
7712,2008,0.045045045045045036,2461,62.0,Be'er Sheva
7712,2009,0.06356356356356356,2461,62.0,Be'er Sheva
7712,2010,0.07807807807807808,2461,62.0,Be'er Sheva
7712,2011,0.06906906906906908,2461,62.0,Be'er Sheva
7712,2012,0.06056056056056056,2461,62.0,Be'er Sheva
7712,2013,0.08558558558558559,2461,62.0,Be'er Sheva
7712,2014,0.08658658658658659,2461,62.0,Be'er Sheva
7712,2015,0.12412412412412413,2461,62.0,Be'er Sheva
7712,2016,0.1111111111111111,2461,62.0,Be'er Sheva
7712,2017,0.12612612612612611,2461,62.0,Be'er Sheva
7713,2008,0.07683766377970241,7100127,61.0,Ashkelon
7713,2009,0.09971130357539418,7100127,61.0,Ashkelon
7713,2010,0.12724850099933374,7100127,61.0,Ashkelon
7713,2011,0.12214079502553853,7100127,61.0,Ashkelon
7713,2012,0.11858760826115924,7100127,61.0,Ashkelon
7713,2013,0.13901843215634022,7100127,61.0,Ashkelon
7713,2014,0.15878303353320009,7100127,61.0,Ashkelon
7713,2015,0.18165667332889185,7100127,61.0,Ashkelon
7713,2016,0.18254497001998668,7100127,61.0,Ashkelon
7713,2017,0.14345991561181434,7100127,61.0,Ashkelon
7714,2008,0.054409005628517824,263021,61.0,Ashkelon
7714,2009,0.0825515947467167,263021,61.0,Ashkelon
7714,2010,0.11726078799249533,263021,61.0,Ashkelon
7714,2011,0.09287054409005628,263021,61.0,Ashkelon
7714,2012,0.09568480300187618,263021,61.0,Ashkelon
7714,2013,0.15478424015009382,263021,61.0,Ashkelon
7714,2014,0.1529080675422139,263021,61.0,Ashkelon
7714,2015,0.1951219512195122,263021,61.0,Ashkelon
7714,2016,0.2101313320825516,263021,61.0,Ashkelon
7714,2017,0.19887429643527205,263021,61.0,Ashkelon
7715,2008,0.0694980694980695,12711,62.0,Be'er Sheva
7715,2009,0.11196911196911197,12711,62.0,Be'er Sheva
7715,2010,0.18532818532818526,12711,62.0,Be'er Sheva
7715,2011,0.17374517374517376,12711,62.0,Be'er Sheva
7715,2012,0.18146718146718147,12711,62.0,Be'er Sheva
7715,2013,0.21621621621621626,12711,62.0,Be'er Sheva
7715,2014,0.1891891891891892,12711,62.0,Be'er Sheva
7715,2015,0.277992277992278,12711,62.0,Be'er Sheva
7715,2016,0.2702702702702703,12711,62.0,Be'er Sheva
7715,2017,0.2432432432432433,12711,62.0,Be'er Sheva
7716,2008,0.12258064516129033,6661,62.0,Be'er Sheva
7716,2009,0.15161290322580645,6661,62.0,Be'er Sheva
7716,2010,0.2032258064516129,6661,62.0,Be'er Sheva
7716,2011,0.17096774193548386,6661,62.0,Be'er Sheva
7716,2012,0.18064516129032254,6661,62.0,Be'er Sheva
7716,2013,0.21935483870967745,6661,62.0,Be'er Sheva
7716,2014,0.22258064516129036,6661,62.0,Be'er Sheva
7716,2015,0.2870967741935484,6661,62.0,Be'er Sheva
7716,2016,0.2548387096774193,6661,62.0,Be'er Sheva
7716,2017,0.23225806451612904,6661,62.0,Be'er Sheva
7717,2008,0.04565217391304348,12681,62.0,Be'er Sheva
7717,2009,0.07391304347826087,12681,62.0,Be'er Sheva
7717,2010,0.1565217391304348,12681,62.0,Be'er Sheva
7717,2011,0.12391304347826088,12681,62.0,Be'er Sheva
7717,2012,0.10869565217391304,12681,62.0,Be'er Sheva
7717,2013,0.13260869565217392,12681,62.0,Be'er Sheva
7717,2014,0.13043478260869565,12681,62.0,Be'er Sheva
7717,2015,0.2,12681,62.0,Be'er Sheva
7717,2016,0.19130434782608696,12681,62.0,Be'er Sheva
7717,2017,0.1826086956521739,12681,62.0,Be'er Sheva
7718,2008,0.09852216748768472,11617,62.0,Be'er Sheva
7718,2009,0.1083743842364532,11617,62.0,Be'er Sheva
7718,2010,0.1625615763546798,11617,62.0,Be'er Sheva
7718,2011,0.12315270935960593,11617,62.0,Be'er Sheva
7718,2012,0.1083743842364532,11617,62.0,Be'er Sheva
7718,2013,0.1083743842364532,11617,62.0,Be'er Sheva
7718,2014,0.12807881773399016,11617,62.0,Be'er Sheva
7718,2015,0.19704433497536947,11617,62.0,Be'er Sheva
7718,2016,0.2315270935960591,11617,62.0,Be'er Sheva
7718,2017,0.15763546798029554,11617,62.0,Be'er Sheva
7720,2008,0.09134615384615384,10315,61.0,Ashkelon
7720,2009,0.1153846153846154,10315,61.0,Ashkelon
7720,2010,0.1911057692307692,10315,61.0,Ashkelon
7720,2011,0.14423076923076922,10315,61.0,Ashkelon
7720,2012,0.13221153846153846,10315,61.0,Ashkelon
7720,2013,0.18990384615384612,10315,61.0,Ashkelon
7720,2014,0.2127403846153846,10315,61.0,Ashkelon
7720,2015,0.2439903846153846,10315,61.0,Ashkelon
7720,2016,0.2379807692307692,10315,61.0,Ashkelon
7720,2017,0.20072115384615385,10315,61.0,Ashkelon
7721,2008,0.060606060606060615,8311,62.0,Be'er Sheva
7721,2009,0.08484848484848485,8311,62.0,Be'er Sheva
7721,2010,0.10606060606060606,8311,62.0,Be'er Sheva
7721,2011,0.09090909090909093,8311,62.0,Be'er Sheva
7721,2012,0.09696969696969696,8311,62.0,Be'er Sheva
7721,2013,0.08787878787878788,8311,62.0,Be'er Sheva
7721,2014,0.1,8311,62.0,Be'er Sheva
7721,2015,0.11212121212121212,8311,62.0,Be'er Sheva
7721,2016,0.15151515151515152,8311,62.0,Be'er Sheva
7721,2017,0.18787878787878787,8311,62.0,Be'er Sheva
7722,2008,0.1111111111111111,9000225,62.0,Be'er Sheva
7722,2009,0.1342222222222222,9000225,62.0,Be'er Sheva
7722,2010,0.17333333333333334,9000225,62.0,Be'er Sheva
7722,2011,0.14666666666666667,9000225,62.0,Be'er Sheva
7722,2012,0.13155555555555554,9000225,62.0,Be'er Sheva
7722,2013,0.2,9000225,62.0,Be'er Sheva
7722,2014,0.18222222222222226,9000225,62.0,Be'er Sheva
7722,2015,0.23555555555555555,9000225,62.0,Be'er Sheva
7722,2016,0.2364444444444445,9000225,62.0,Be'er Sheva
7722,2017,0.2373333333333333,9000225,62.0,Be'er Sheva
7724,2008,0.07333333333333332,9000645,62.0,Be'er Sheva
7724,2009,0.11466666666666668,9000645,62.0,Be'er Sheva
7724,2010,0.15866666666666668,9000645,62.0,Be'er Sheva
7724,2011,0.13866666666666666,9000645,62.0,Be'er Sheva
7724,2012,0.14266666666666666,9000645,62.0,Be'er Sheva
7724,2013,0.168,9000645,62.0,Be'er Sheva
7724,2014,0.16399999999999998,9000645,62.0,Be'er Sheva
7724,2015,0.2386666666666667,9000645,62.0,Be'er Sheva
7724,2016,0.21600000000000003,9000645,62.0,Be'er Sheva
7724,2017,0.20666666666666667,9000645,62.0,Be'er Sheva
7725,2008,0.09230769230769233,9000414,62.0,Be'er Sheva
7725,2009,0.1034965034965035,9000414,62.0,Be'er Sheva
7725,2010,0.17622377622377622,9000414,62.0,Be'er Sheva
7725,2011,0.1258741258741259,9000414,62.0,Be'er Sheva
7725,2012,0.11468531468531468,9000414,62.0,Be'er Sheva
7725,2013,0.18461538461538465,9000414,62.0,Be'er Sheva
7725,2014,0.16923076923076924,9000414,62.0,Be'er Sheva
7725,2015,0.2195804195804196,9000414,62.0,Be'er Sheva
7725,2016,0.22097902097902095,9000414,62.0,Be'er Sheva
7725,2017,0.22937062937062935,9000414,62.0,Be'er Sheva
7726,2008,0.0625,11923,62.0,Be'er Sheva
7726,2009,0.0625,11923,62.0,Be'er Sheva
7726,2010,0.09375,11923,62.0,Be'er Sheva
7726,2011,0.0625,11923,62.0,Be'er Sheva
7726,2012,0.0546875,11923,62.0,Be'er Sheva
7726,2013,0.046875,11923,62.0,Be'er Sheva
7726,2014,0.09375,11923,62.0,Be'er Sheva
7726,2015,0.1484375,11923,62.0,Be'er Sheva
7726,2016,0.125,11923,62.0,Be'er Sheva
7726,2017,0.1171875,11923,62.0,Be'er Sheva
7727,2008,0.045685279187817264,10601,62.0,Be'er Sheva
7727,2009,0.07106598984771574,10601,62.0,Be'er Sheva
7727,2010,0.08121827411167512,10601,62.0,Be'er Sheva
7727,2011,0.06598984771573604,10601,62.0,Be'er Sheva
7727,2012,0.08629441624365483,10601,62.0,Be'er Sheva
7727,2013,0.10152284263959392,10601,62.0,Be'er Sheva
7727,2014,0.1218274111675127,10601,62.0,Be'er Sheva
7727,2015,0.2385786802030457,10601,62.0,Be'er Sheva
7727,2016,0.2385786802030457,10601,62.0,Be'er Sheva
7727,2017,0.18781725888324874,10601,62.0,Be'er Sheva
7728,2008,0.05439330543933055,100380,62.0,Be'er Sheva
7728,2009,0.058577405857740586,100380,62.0,Be'er Sheva
7728,2010,0.13389121338912133,100380,62.0,Be'er Sheva
7728,2011,0.11297071129707112,100380,62.0,Be'er Sheva
7728,2012,0.1087866108786611,100380,62.0,Be'er Sheva
7728,2013,0.11715481171548114,100380,62.0,Be'er Sheva
7728,2014,0.1087866108786611,100380,62.0,Be'er Sheva
7728,2015,0.17154811715481172,100380,62.0,Be'er Sheva
7728,2016,0.15481171548117156,100380,62.0,Be'er Sheva
7728,2017,0.16317991631799164,100380,62.0,Be'er Sheva
