stat_id,SecondaryCert_pcnt,MatricCert_pcnt,PostSecondaryCert_pcnt,Acadm1Cert_pcnt,Acadm2Cert_pcnt,OtherCertA_pcnt,pop_thou
261,0.09,0.306,0.181,0.202,0.063,0.157,2.6
281,0.138,0.234,0.116,0.194,0.141,0.177,8.9
311,0.203,0.245,0.152,0.118,0.045,0.237,4.4
312,0.252,0.197,0.121,0.058,0.021,0.35100000000000003,3.1
313,0.253,0.236,0.126,0.04,0.014,0.331,3.3
314,0.214,0.24,0.168,0.084,0.019,0.276,2.7
316,0.14,0.157,0.251,0.063,0.031,0.358,6.1
317,0.262,0.269,0.159,0.1,0.033,0.17600000000000002,4.5
411,0.329,0.246,0.055,0.12,0.033,0.217,2.9
461,0.28300000000000003,0.198,0.092,0.118,0.014,0.29600000000000004,3.4
471,0.141,0.221,0.136,0.223,0.103,0.17600000000000002,2.5
531,0.189,0.245,0.16,0.182,0.102,0.121,5.0
70122,0.262,0.132,0.16399999999999998,0.175,0.044,0.222,2.9
70123,0.272,0.196,0.14400000000000002,0.121,0.049,0.218,3.6
70125,0.221,0.166,0.237,0.052000000000000005,0.055,0.269,2.6
70126,0.281,0.193,0.13699999999999998,0.116,0.048,0.225,4.0
70131,0.196,0.189,0.241,0.067,0.054000000000000006,0.252,2.3
70132,0.179,0.147,0.212,0.059,0.08,0.322,2.1
70133,0.269,0.152,0.208,0.034,0.066,0.271,4.6
70141,0.521,0.075,0.177,0.06,0.016,0.151,4.7
70142,0.248,0.17800000000000002,0.184,0.045,0.023,0.322,3.1
70143,0.27,0.179,0.174,0.044,0.049,0.284,4.3
70144,0.174,0.11,0.199,0.099,0.031,0.387,6.7
70211,0.413,0.053,0.227,0.068,0.002,0.237,10.1
70212,0.32299999999999995,0.024,0.29600000000000004,0.038,0.003,0.315,7.1
70221,0.17,0.252,0.162,0.054000000000000006,0.061,0.301,2.8
70222,0.14400000000000002,0.27,0.142,0.095,0.077,0.272,3.9
70223,0.145,0.194,0.159,0.05,0.07400000000000001,0.378,3.5
70231,0.17600000000000002,0.27,0.102,0.058,0.08199999999999999,0.312,3.7
70232,0.162,0.209,0.13699999999999998,0.092,0.095,0.305,2.9
70233,0.18600000000000005,0.328,0.106,0.093,0.086,0.201,3.9
70234,0.163,0.266,0.146,0.096,0.08900000000000001,0.24,4.1
70241,0.195,0.277,0.108,0.104,0.044,0.271,5.5
70242,0.146,0.29,0.117,0.092,0.04,0.315,2.9
70243,0.139,0.263,0.17600000000000002,0.08,0.078,0.263,3.2
70244,0.16899999999999998,0.24,0.155,0.18600000000000005,0.052000000000000005,0.198,2.4
70311,0.243,0.25,0.123,0.14300000000000002,0.094,0.149,1.0
70312,0.121,0.369,0.16699999999999998,0.096,0.058,0.188,1.1
70314,0.119,0.282,0.163,0.187,0.084,0.16399999999999998,5.2
70315,0.17600000000000002,0.277,0.146,0.13,0.121,0.15,3.7
70316,0.13,0.225,0.18600000000000005,0.166,0.128,0.166,5.2
70317,0.086,0.314,0.225,0.134,0.14,0.101,4.4
70321,0.21,0.234,0.12,0.13699999999999998,0.106,0.193,4.4
70322,0.272,0.073,0.17800000000000002,0.037000000000000005,0.015,0.425,4.5
70323,0.171,0.234,0.165,0.1,0.073,0.256,4.5
70331,0.087,0.182,0.31,0.228,0.131,0.063,3.2
70332,0.028,0.3,0.17600000000000002,0.18,0.154,0.162,2.0
70333,0.13699999999999998,0.326,0.16,0.109,0.07200000000000001,0.196,5.1
70342,0.183,0.21600000000000005,0.196,0.115,0.146,0.14400000000000002,4.8
70343,0.091,0.272,0.32,0.129,0.07400000000000001,0.115,3.4
70411,0.139,0.226,0.238,0.145,0.105,0.146,4.8
70412,0.07,0.274,0.215,0.213,0.123,0.105,3.7
70413,0.158,0.245,0.235,0.162,0.095,0.105,2.7
70421,0.255,0.232,0.154,0.141,0.102,0.116,7.0
70422,0.189,0.267,0.146,0.177,0.094,0.126,7.7
70423,0.205,0.29,0.14300000000000002,0.147,0.063,0.153,4.7
70424,0.17800000000000002,0.249,0.149,0.123,0.112,0.188,2.8
70425,0.16899999999999998,0.289,0.158,0.095,0.107,0.181,5.4
70426,0.198,0.22,0.191,0.151,0.07,0.17,3.4
70432,0.132,0.236,0.208,0.181,0.097,0.145,4.6
70433,0.17,0.255,0.17800000000000002,0.191,0.07200000000000001,0.134,5.8
70434,0.229,0.327,0.09,0.171,0.05,0.133,2.4
991,0.135,0.19,0.156,0.11,0.04,0.3670000000000001,4.8
2401,0.32,0.198,0.113,0.095,0.033,0.24,2.1
2403,0.23,0.214,0.142,0.099,0.094,0.222,2.0
2404,0.159,0.219,0.131,0.14300000000000002,0.152,0.196,5.4
2405,0.174,0.203,0.17600000000000002,0.16899999999999998,0.163,0.116,3.7
2406,0.13699999999999998,0.219,0.077,0.313,0.157,0.097,4.8
5000514,0.181,0.246,0.09,0.22,0.112,0.151,2.7
5000515,0.093,0.259,0.053,0.36,0.147,0.09,3.4
5000516,0.063,0.29600000000000004,0.099,0.327,0.111,0.104,3.9
5000517,0.067,0.285,0.113,0.293,0.14300000000000002,0.099,3.1
5000521,0.08900000000000001,0.242,0.127,0.246,0.199,0.097,1.7
7900236,0.136,0.312,0.127,0.145,0.119,0.161,3.2
7900311,0.162,0.16899999999999998,0.135,0.133,0.112,0.289,5.1
7900312,0.183,0.219,0.135,0.14300000000000002,0.073,0.248,4.8
7900313,0.174,0.221,0.156,0.124,0.08900000000000001,0.236,4.2
7900321,0.134,0.207,0.204,0.13699999999999998,0.111,0.208,4.6
7900515,0.213,0.154,0.111,0.07400000000000001,0.058,0.389,1.6
6961,0.026,0.196,0.208,0.18,0.057,0.332,4.7
1221,0.156,0.247,0.132,0.208,0.1,0.156,6.2
1541,0.166,0.258,0.051,0.307,0.158,0.06,10.0
1661,0.21600000000000005,0.235,0.111,0.154,0.068,0.21600000000000005,4.6
1662,0.219,0.21600000000000005,0.146,0.198,0.075,0.146,7.5
1663,0.242,0.244,0.092,0.097,0.015,0.31,5.3
1681,0.151,0.248,0.12,0.171,0.08900000000000001,0.22,6.2
1682,0.136,0.287,0.099,0.184,0.053,0.241,3.6
1683,0.096,0.231,0.217,0.229,0.087,0.138,6.6
1711,0.13,0.281,0.154,0.125,0.045,0.265,5.5
1821,0.195,0.252,0.097,0.228,0.125,0.103,10.0
1951,0.098,0.263,0.117,0.207,0.126,0.189,5.7
1953,0.113,0.22,0.08800000000000001,0.27,0.166,0.14400000000000002,2.6
1954,0.077,0.243,0.116,0.203,0.18,0.182,5.6
1955,0.179,0.231,0.071,0.105,0.07200000000000001,0.342,2.6
2291,0.29600000000000004,0.139,0.155,0.16699999999999998,0.097,0.147,4.4
2292,0.104,0.287,0.086,0.25,0.181,0.092,3.4
2293,0.134,0.23,0.085,0.192,0.154,0.204,4.7
2407,0.154,0.19,0.133,0.28300000000000003,0.161,0.078,1.0
2461,0.188,0.258,0.163,0.059,0.012,0.32,2.2
2462,0.274,0.218,0.063,0.058,0.008,0.379,5.0
2464,0.212,0.282,0.138,0.101,0.046,0.222,3.8
2465,0.233,0.132,0.308,0.076,0.012,0.239,3.6
2466,0.157,0.266,0.171,0.091,0.03,0.28600000000000003,3.6
2467,0.21600000000000005,0.337,0.11,0.157,0.029,0.15,5.0
2468,0.197,0.271,0.153,0.052000000000000005,0.095,0.233,2.8
2761,0.077,0.191,0.134,0.37,0.141,0.086,2.7
4661,0.228,0.337,0.043,0.17600000000000002,0.035,0.181,6.6
4692,0.261,0.183,0.11,0.097,0.091,0.258,4.3
4693,0.19,0.238,0.16399999999999998,0.067,0.011,0.33,3.0
4694,0.189,0.221,0.194,0.069,0.025,0.302,2.6
4721,0.387,0.268,0.002,0.075,0.006,0.261,5.8
4731,0.145,0.238,0.025,0.085,0.016,0.491,3.9
4732,0.107,0.142,0.071,0.048,0.033,0.599,3.8
4733,0.161,0.202,0.118,0.124,0.032,0.363,4.5
4781,0.14800000000000002,0.166,0.054000000000000006,0.077,0.019,0.536,4.3
4782,0.106,0.228,0.037000000000000005,0.081,0.012,0.535,4.6
4783,0.28800000000000003,0.15,0.038,0.099,0.003,0.421,3.1
4801,0.16399999999999998,0.212,0.057,0.07,0.015,0.484,4.8
4803,0.128,0.254,0.057,0.101,0.012,0.449,2.0
4811,0.14,0.273,0.064,0.075,0.011,0.4370000000000001,6.7
4812,0.207,0.166,0.048,0.044,0.009000000000000001,0.526,2.6
4813,0.019,0.409,0.059,0.056,0.018000000000000002,0.439,2.2
4814,0.053,0.344,0.046,0.098,0.006999999999999999,0.452,5.1
4815,0.131,0.28300000000000003,0.04,0.07,0.021,0.455,3.0
4821,0.165,0.141,0.084,0.055,0.025,0.53,7.8
4851,0.08800000000000001,0.317,0.055,0.116,0.018000000000000002,0.406,5.6
4871,0.274,0.13,0.177,0.246,0.081,0.092,2.9
4891,0.294,0.122,0.075,0.07200000000000001,0.024,0.413,8.9
4921,0.171,0.174,0.058,0.128,0.039,0.43,8.7
4941,0.103,0.234,0.075,0.055,0.014,0.518,2.3
4942,0.139,0.232,0.113,0.142,0.057,0.317,1.8
4943,0.085,0.341,0.053,0.086,0.023,0.412,3.0
4944,0.078,0.394,0.104,0.099,0.014,0.311,2.4
4945,0.134,0.241,0.066,0.058,0.006,0.495,4.6
4946,0.125,0.308,0.067,0.08900000000000001,0.011,0.399,3.4
4947,0.118,0.247,0.034,0.062,0.006,0.5329999999999999,2.7
4948,0.121,0.198,0.146,0.032,0.003,0.501,1.5
4949,0.109,0.241,0.16399999999999998,0.077,0.023,0.386,3.9
4961,0.11,0.317,0.06,0.116,0.02,0.377,5.4
4981,0.13699999999999998,0.267,0.029,0.165,0.024,0.378,3.7
4982,0.184,0.193,0.023,0.127,0.01,0.463,4.1
4983,0.162,0.199,0.015,0.13699999999999998,0.009000000000000001,0.478,4.0
4991,0.14400000000000002,0.23,0.085,0.107,0.019,0.415,4.2
4993,0.224,0.269,0.077,0.124,0.013,0.294,2.4
4994,0.13699999999999998,0.151,0.11,0.154,0.025,0.423,2.7
4995,0.18,0.182,0.056,0.043,0.006,0.534,4.2
5021,0.2,0.28,0.079,0.07,0.015,0.35600000000000004,4.0
5022,0.14800000000000002,0.193,0.046,0.048,0.006,0.5579999999999999,5.3
5023,0.17800000000000002,0.215,0.033,0.067,0.02,0.488,5.2
5041,0.08900000000000001,0.272,0.034,0.08900000000000001,0.021,0.494,11.9
5051,0.18,0.139,0.069,0.091,0.029,0.4920000000000001,2.7
5071,0.105,0.184,0.159,0.127,0.043,0.382,8.6
5081,0.162,0.179,0.154,0.108,0.014,0.384,2.9
5091,0.08,0.173,0.087,0.052000000000000005,0.014,0.593,3.3
5092,0.051,0.152,0.04,0.047,0.002,0.7070000000000001,4.1
5093,0.044,0.154,0.051,0.042,0.006999999999999999,0.703,3.1
5094,0.246,0.115,0.062,0.037000000000000005,0.016,0.524,3.3
5095,0.375,0.002,0.028,0.062,0.006,0.527,4.6
5101,0.179,0.14400000000000002,0.015,0.067,0.017,0.579,4.0
5102,0.159,0.241,0.043,0.037000000000000005,0.01,0.509,7.1
5103,0.047,0.308,0.1,0.052000000000000005,0.024,0.469,2.2
5111,0.2,0.17,0.019,0.032,0.005,0.575,6.7
5121,0.083,0.209,0.054000000000000006,0.096,0.009000000000000001,0.5479999999999999,2.4
5161,0.16699999999999998,0.25,0.014,0.07400000000000001,0.027000000000000003,0.47,2.7
5162,0.128,0.254,0.022,0.078,0.004,0.514,5.2
5163,0.1,0.218,0.016,0.076,0.005,0.585,2.7
5164,0.093,0.183,0.044,0.128,0.012,0.539,6.8
5165,0.185,0.171,0.057,0.055,0.006,0.526,2.6
5166,0.156,0.212,0.095,0.068,0.014,0.455,3.4
5167,0.171,0.132,0.09,0.051,0.001,0.555,4.0
5168,0.15,0.161,0.059,0.078,0.015,0.537,2.7
5171,0.13699999999999998,0.153,0.104,0.047,0.004,0.556,3.4
5181,0.105,0.171,0.21600000000000005,0.16899999999999998,0.035,0.304,2.8
5201,0.159,0.165,0.075,0.049,0.012,0.541,6.9
5221,0.515,0.192,0.046,0.058,0.026,0.16399999999999998,3.5
5222,0.092,0.172,0.069,0.057,0.019,0.591,2.1
5223,0.13699999999999998,0.208,0.057,0.07400000000000001,0.008,0.515,2.8
5224,0.431,0.192,0.034,0.066,0.016,0.261,2.1
5251,0.311,0.134,0.075,0.14300000000000002,0.012,0.325,3.7
5261,0.171,0.126,0.067,0.08900000000000001,0.024,0.523,2.1
5281,0.331,0.02,0.104,0.003,0.013,0.528,2.6
5291,0.113,0.253,0.031,0.06,0.045,0.498,4.2
5292,0.146,0.224,0.005,0.08800000000000001,0.04,0.498,3.5
5293,0.132,0.131,0.016,0.097,0.019,0.605,3.6
5301,0.121,0.146,0.076,0.205,0.032,0.419,4.8
5311,0.133,0.098,0.108,0.116,0.032,0.513,4.6
5312,0.159,0.14400000000000002,0.079,0.105,0.042,0.47,4.0
5313,0.051,0.124,0.049,0.105,0.028,0.642,3.6
5314,0.092,0.15,0.04,0.069,0.002,0.648,4.4
5315,0.071,0.206,0.066,0.142,0.028,0.487,4.1
5321,0.093,0.359,0.01,0.063,0.009000000000000001,0.466,2.8
5322,0.06,0.359,0.019,0.071,0.012,0.478,4.6
5323,0.096,0.214,0.054000000000000006,0.07200000000000001,0.021,0.544,3.6
5361,0.132,0.256,0.019,0.197,0.022,0.373,5.4
5371,0.39,0.312,0.013,0.079,0.021,0.18600000000000005,3.1
5372,0.299,0.35100000000000003,0.016,0.066,0.002,0.266,5.3
5373,0.267,0.384,0.037000000000000005,0.111,0.034,0.16699999999999998,2.5
5381,0.155,0.154,0.029,0.07,0.019,0.574,5.8
5412,0.062,0.213,0.014,0.091,0.01,0.61,4.5
5413,0.062,0.183,0.02,0.038,0.011,0.687,3.2
5421,0.142,0.18,0.063,0.054000000000000006,0.021,0.541,2.9
5422,0.353,0.095,0.118,0.146,0.008,0.28,3.3
5423,0.222,0.161,0.06,0.031,0.004,0.521,4.8
5424,0.345,0.129,0.068,0.085,0.006,0.3670000000000001,6.0
5431,0.013,0.27,0.149,0.126,0.023,0.419,7.2
5651,0.219,0.262,0.094,0.175,0.032,0.217,3.2
5652,0.237,0.253,0.071,0.111,0.04,0.28800000000000003,3.6
5653,0.188,0.295,0.135,0.115,0.067,0.2,3.8
5871,0.017,0.235,0.061,0.375,0.237,0.076,3.0
6271,0.135,0.171,0.08199999999999999,0.046,0.008,0.5589999999999999,8.4
6331,0.052000000000000005,0.235,0.055,0.108,0.026,0.524,2.8
6341,0.146,0.28,0.027000000000000003,0.09,0.041,0.417,3.5
6342,0.078,0.364,0.029,0.075,0.042,0.412,8.0
6343,0.09,0.267,0.023,0.076,0.016,0.529,5.9
6351,0.018000000000000002,0.321,0.066,0.153,0.015,0.428,3.1
6371,0.16699999999999998,0.248,0.07,0.13,0.025,0.359,10.5
6372,0.17600000000000002,0.268,0.07200000000000001,0.094,0.01,0.381,3.0
6373,0.115,0.28300000000000003,0.073,0.085,0.027000000000000003,0.417,3.5
6374,0.145,0.227,0.068,0.146,0.018000000000000002,0.396,4.7
6383,0.122,0.17600000000000002,0.064,0.039,0.011,0.588,4.9
6384,0.191,0.172,0.04,0.048,0.013,0.536,5.0
6541,0.229,0.203,0.123,0.062,0.023,0.36,3.3
6542,0.183,0.205,0.086,0.114,0.027000000000000003,0.385,5.3
6543,0.16699999999999998,0.19,0.099,0.174,0.048,0.322,3.4
6544,0.17,0.212,0.086,0.128,0.05,0.354,3.1
6581,0.122,0.185,0.037000000000000005,0.045,0.006999999999999999,0.605,2.4
6661,0.078,0.215,0.112,0.191,0.33,0.07400000000000001,6.4
6811,0.016,0.158,0.051,0.376,0.227,0.172,2.5
6812,0.033,0.258,0.06,0.179,0.114,0.35700000000000004,4.7
6813,0.07400000000000001,0.344,0.049,0.275,0.087,0.171,3.7
6814,0.058,0.16399999999999998,0.105,0.311,0.284,0.078,7.9
5000224,0.125,0.206,0.078,0.308,0.2,0.083,1.9
5000225,0.161,0.246,0.067,0.204,0.092,0.231,3.2
5000226,0.231,0.21600000000000005,0.08900000000000001,0.159,0.109,0.196,4.1
5000231,0.086,0.245,0.07400000000000001,0.287,0.217,0.09,4.0
5000232,0.134,0.232,0.094,0.235,0.199,0.107,2.4
5000233,0.224,0.213,0.06,0.248,0.097,0.158,3.8
5000312,0.073,0.318,0.091,0.33,0.087,0.102,2.5
5000313,0.201,0.258,0.08,0.299,0.103,0.059,2.0
5000314,0.07,0.204,0.065,0.358,0.163,0.14,4.3
5000315,0.071,0.234,0.07200000000000001,0.353,0.188,0.08199999999999999,4.2
5000316,0.065,0.326,0.077,0.293,0.141,0.098,1.8
5000317,0.056,0.333,0.095,0.34700000000000003,0.106,0.062,2.0
5000321,0.113,0.233,0.052000000000000005,0.425,0.108,0.07,1.6
5000322,0.095,0.217,0.076,0.313,0.193,0.106,1.6
5000323,0.066,0.224,0.054000000000000006,0.38,0.195,0.081,3.9
5000324,0.048,0.256,0.102,0.405,0.101,0.08900000000000001,2.3
5000325,0.094,0.234,0.091,0.35200000000000004,0.165,0.064,3.6
5000326,0.06,0.304,0.113,0.258,0.142,0.122,2.6
5000332,0.07200000000000001,0.328,0.104,0.308,0.138,0.05,1.6
5000333,0.103,0.202,0.118,0.348,0.121,0.108,1.5
5000334,0.062,0.35,0.112,0.269,0.102,0.104,2.2
5000335,0.117,0.29100000000000004,0.1,0.29600000000000004,0.086,0.11,1.6
5000336,0.103,0.28300000000000003,0.113,0.235,0.168,0.098,2.1
5000337,0.073,0.276,0.133,0.316,0.135,0.067,1.8
5000341,0.078,0.27,0.05,0.401,0.147,0.054000000000000006,2.1
5000342,0.052000000000000005,0.354,0.09,0.368,0.094,0.042,1.9
5000343,0.037000000000000005,0.337,0.098,0.359,0.119,0.05,1.9
5000345,0.049,0.249,0.08,0.318,0.202,0.103,2.1
5000346,0.085,0.349,0.114,0.301,0.121,0.03,2.4
5000347,0.078,0.245,0.107,0.34700000000000003,0.151,0.07200000000000001,2.9
5000349,0.071,0.314,0.043,0.379,0.145,0.049,1.6
5000411,0.083,0.205,0.13,0.313,0.184,0.084,4.2
5000412,0.092,0.212,0.127,0.317,0.196,0.056,4.5
5000413,0.097,0.276,0.066,0.295,0.194,0.07200000000000001,3.7
5000414,0.046,0.208,0.12,0.393,0.189,0.046,2.9
5000415,0.073,0.17600000000000002,0.07200000000000001,0.353,0.221,0.106,3.8
5000421,0.084,0.214,0.098,0.36,0.198,0.045,2.6
5000422,0.044,0.212,0.098,0.324,0.197,0.126,3.1
5000423,0.065,0.268,0.103,0.334,0.155,0.075,2.9
5000424,0.027000000000000003,0.199,0.14,0.336,0.231,0.067,2.9
5000425,0.031,0.202,0.136,0.311,0.24,0.08,1.9
5000431,0.042,0.243,0.053,0.312,0.225,0.125,2.8
5000432,0.058,0.238,0.059,0.35100000000000003,0.214,0.079,3.5
5000433,0.055,0.208,0.068,0.394,0.241,0.034,2.8
5000435,0.038,0.203,0.146,0.312,0.153,0.14800000000000002,0.8
5000436,0.077,0.219,0.102,0.34600000000000003,0.214,0.042,1.9
5000511,0.12,0.421,0.101,0.17600000000000002,0.068,0.114,1.2
5000512,0.102,0.358,0.042,0.31,0.113,0.075,2.1
5000513,0.183,0.315,0.087,0.223,0.037000000000000005,0.155,2.2
5000522,0.259,0.23,0.092,0.172,0.08900000000000001,0.157,1.8
5000523,0.116,0.363,0.135,0.239,0.031,0.116,1.4
78007,0.198,0.227,0.187,0.135,0.094,0.159,3.7
78008,0.173,0.2,0.123,0.151,0.069,0.28300000000000003,4.5
78009,0.287,0.211,0.147,0.109,0.049,0.196,5.1
780010,0.23,0.188,0.226,0.122,0.077,0.156,2.5
7900112,0.19,0.304,0.145,0.086,0.073,0.202,4.7
7900113,0.219,0.249,0.129,0.191,0.103,0.108,11.7
7900114,0.182,0.263,0.132,0.106,0.092,0.225,3.8
7900115,0.16699999999999998,0.232,0.105,0.099,0.08199999999999999,0.315,2.0
7900121,0.053,0.161,0.094,0.3670000000000001,0.199,0.125,4.1
7900122,0.146,0.241,0.087,0.28,0.131,0.114,4.9
7900123,0.099,0.19,0.124,0.258,0.191,0.13699999999999998,3.4
7900127,0.152,0.261,0.095,0.119,0.043,0.331,2.1
7900131,0.122,0.251,0.149,0.182,0.16699999999999998,0.129,3.8
7900132,0.17,0.22,0.238,0.095,0.092,0.184,0.8
26404,0.27,0.24,0.191,0.047,0.009000000000000001,0.243,4.3
26405,0.24,0.205,0.134,0.087,0.016,0.317,3.2
26406,0.287,0.202,0.136,0.096,0.004,0.275,3.1
26407,0.195,0.22,0.188,0.159,0.101,0.13699999999999998,4.0
26408,0.085,0.212,0.16699999999999998,0.222,0.195,0.119,3.1
26409,0.191,0.262,0.142,0.194,0.076,0.134,2.8
264011,0.121,0.223,0.193,0.237,0.113,0.114,3.2
264012,0.091,0.277,0.08199999999999999,0.247,0.18,0.123,2.1
264013,0.107,0.196,0.112,0.22,0.243,0.122,3.8
265011,0.196,0.201,0.071,0.136,0.049,0.34700000000000003,5.0
265013,0.093,0.218,0.064,0.228,0.068,0.328,4.9
265014,0.06,0.222,0.08199999999999999,0.246,0.227,0.16399999999999998,4.7
265021,0.043,0.282,0.034,0.257,0.226,0.158,3.7
265022,0.057,0.248,0.07200000000000001,0.3,0.214,0.108,4.1
265023,0.083,0.298,0.1,0.207,0.192,0.121,3.6
265024,0.08900000000000001,0.217,0.139,0.29,0.185,0.081,2.8
265031,0.08900000000000001,0.23,0.112,0.261,0.21600000000000005,0.092,4.2
3000932,0.29600000000000004,0.093,0.236,0.141,0.103,0.132,6.1
3000933,0.152,0.115,0.226,0.154,0.099,0.254,4.6
3000934,0.147,0.188,0.202,0.196,0.142,0.125,2.0
30001011,0.087,0.29100000000000004,0.129,0.211,0.166,0.117,4.4
30001012,0.117,0.177,0.121,0.195,0.197,0.193,4.6
30001013,0.032,0.208,0.086,0.262,0.307,0.106,3.7
30001014,0.041,0.26,0.127,0.243,0.26,0.068,3.1
30001015,0.107,0.219,0.16399999999999998,0.239,0.14300000000000002,0.128,4.2
30001016,0.084,0.193,0.209,0.29600000000000004,0.101,0.117,3.2
30001022,0.028,0.171,0.092,0.24,0.37,0.098,1.4
30001031,0.122,0.191,0.193,0.182,0.098,0.215,5.9
30001032,0.104,0.201,0.241,0.168,0.09,0.196,3.2
30001034,0.105,0.118,0.251,0.136,0.116,0.274,4.9
30001035,0.092,0.12,0.307,0.14400000000000002,0.085,0.251,4.0
30001041,0.08199999999999999,0.304,0.07400000000000001,0.275,0.165,0.1,1.5
5000942,0.107,0.275,0.08900000000000001,0.125,0.111,0.293,5.2
5000944,0.136,0.256,0.081,0.114,0.125,0.289,3.6
5000945,0.081,0.235,0.161,0.104,0.108,0.311,2.9
5000946,0.139,0.219,0.152,0.134,0.14400000000000002,0.213,3.2
5000947,0.066,0.228,0.118,0.17,0.113,0.305,4.4
60001,0.272,0.14800000000000002,0.066,0.031,0.016,0.467,4.7
60002,0.27,0.25,0.005,0.062,0.008,0.405,2.3
60003,0.238,0.239,0.054000000000000006,0.106,0.017,0.34700000000000003,4.7
60004,0.232,0.245,0.031,0.05,0.012,0.43,4.9
60005,0.241,0.154,0.07,0.031,0.008,0.4970000000000001,5.2
60007,0.154,0.261,0.098,0.073,0.015,0.398,4.0
60008,0.02,0.49,0.23,0.079,0.009000000000000001,0.172,5.5
6100112,0.184,0.096,0.227,0.095,0.063,0.336,2.0
6100113,0.161,0.203,0.204,0.078,0.04,0.313,3.4
6100114,0.145,0.165,0.194,0.091,0.016,0.389,3.1
8400114,0.086,0.171,0.12,0.264,0.281,0.078,4.2
8400115,0.07200000000000001,0.214,0.18,0.225,0.258,0.051,3.3
8400116,0.134,0.215,0.08800000000000001,0.14400000000000002,0.209,0.21,4.1
8400117,0.155,0.208,0.193,0.149,0.124,0.171,5.1
8400121,0.123,0.204,0.192,0.209,0.14800000000000002,0.123,3.8
8400122,0.107,0.188,0.102,0.256,0.261,0.087,3.6
8400123,0.055,0.127,0.08199999999999999,0.29,0.378,0.067,1.1
8400124,0.153,0.13699999999999998,0.189,0.197,0.156,0.168,3.0
8400211,0.087,0.221,0.207,0.18,0.113,0.192,3.6
8400212,0.125,0.223,0.175,0.133,0.134,0.21,2.1
8400213,0.101,0.214,0.156,0.187,0.246,0.095,4.2
8400214,0.079,0.249,0.139,0.19,0.233,0.11,2.8
8400221,0.098,0.24,0.111,0.28600000000000003,0.16399999999999998,0.101,1.3
8400222,0.201,0.226,0.102,0.108,0.044,0.32,7.0
8400231,0.182,0.229,0.193,0.095,0.107,0.193,2.4
8400232,0.172,0.175,0.221,0.14,0.053,0.24,4.4
8400311,0.01,0.246,0.132,0.202,0.1,0.31,1.2
8400312,0.027000000000000003,0.224,0.15,0.207,0.153,0.238,3.9
8400313,0.124,0.265,0.116,0.096,0.087,0.313,2.7
9000223,0.232,0.248,0.114,0.085,0.14400000000000002,0.17600000000000002,2.7
9000224,0.155,0.251,0.14400000000000002,0.111,0.109,0.229,2.2
9000225,0.224,0.253,0.132,0.076,0.113,0.202,3.8
9000226,0.179,0.246,0.222,0.118,0.135,0.1,1.6
9000234,0.221,0.23,0.133,0.126,0.109,0.18,2.8
9000311,0.19,0.32299999999999995,0.127,0.111,0.113,0.136,3.6
9000312,0.227,0.229,0.202,0.133,0.098,0.111,4.8
9000313,0.188,0.193,0.18,0.131,0.185,0.123,3.2
9000411,0.147,0.204,0.203,0.223,0.093,0.13,1.0
9000412,0.188,0.236,0.201,0.119,0.14300000000000002,0.113,2.6
9000413,0.202,0.223,0.214,0.131,0.107,0.123,7.1
9000414,0.264,0.249,0.166,0.133,0.108,0.08,6.6
9000415,0.161,0.268,0.175,0.13699999999999998,0.103,0.155,6.5
9000421,0.16399999999999998,0.326,0.119,0.146,0.083,0.162,5.7
9000422,0.205,0.242,0.171,0.122,0.1,0.159,5.0
9000423,0.165,0.254,0.161,0.145,0.132,0.14300000000000002,4.5
9000431,0.134,0.197,0.16,0.257,0.16399999999999998,0.08800000000000001,2.9
9000432,0.154,0.209,0.14,0.145,0.125,0.226,3.9
5000532,0.021,0.272,0.18,0.236,0.016,0.275,0.6
5000533,0.17600000000000002,0.227,0.034,0.225,0.08900000000000001,0.248,3.4
5000541,0.115,0.345,0.049,0.32,0.113,0.058,1.1
5000542,0.08800000000000001,0.424,0.049,0.299,0.085,0.055,0.9
5000543,0.163,0.302,0.026,0.297,0.096,0.115,1.2
5000544,0.068,0.29600000000000004,0.068,0.315,0.17,0.084,2.0
5000552,0.027000000000000003,0.3720000000000001,0.04,0.32299999999999995,0.08900000000000001,0.149,0.6
770024,0.152,0.252,0.173,0.101,0.107,0.215,4.0
770025,0.263,0.264,0.146,0.103,0.049,0.175,4.8
770026,0.16399999999999998,0.297,0.133,0.117,0.043,0.247,4.2
78002,0.102,0.251,0.16,0.204,0.101,0.182,3.6
78003,0.124,0.2,0.16699999999999998,0.182,0.114,0.212,4.1
78004,0.104,0.24,0.14300000000000002,0.245,0.154,0.114,1.2
78005,0.136,0.234,0.197,0.215,0.057,0.161,3.1
78006,0.146,0.209,0.182,0.21600000000000005,0.07200000000000001,0.177,2.6
7900133,0.132,0.307,0.145,0.235,0.09,0.09,2.4
7900134,0.16,0.244,0.195,0.12,0.094,0.187,2.2
7900141,0.189,0.266,0.13,0.205,0.039,0.171,1.5
7900142,0.142,0.281,0.161,0.106,0.136,0.173,1.4
7900143,0.151,0.254,0.156,0.177,0.123,0.139,3.0
7900144,0.194,0.208,0.096,0.173,0.081,0.247,2.3
7900145,0.13,0.312,0.121,0.153,0.111,0.172,3.4
7900146,0.231,0.215,0.084,0.159,0.096,0.21600000000000005,1.5
7900211,0.135,0.213,0.155,0.265,0.151,0.081,11.0
7900212,0.092,0.273,0.105,0.257,0.191,0.083,2.5
7900213,0.105,0.303,0.093,0.233,0.14400000000000002,0.123,1.3
7900221,0.1,0.311,0.106,0.225,0.157,0.102,2.5
7900222,0.118,0.32299999999999995,0.141,0.208,0.079,0.131,3.0
7900223,0.202,0.202,0.115,0.24,0.13,0.109,3.2
7900224,0.185,0.237,0.132,0.163,0.133,0.15,3.3
7900231,0.17600000000000002,0.203,0.173,0.197,0.153,0.098,5.9
7900232,0.203,0.214,0.138,0.16899999999999998,0.112,0.16399999999999998,3.1
7900233,0.145,0.35600000000000004,0.095,0.185,0.048,0.171,2.9
7900234,0.156,0.269,0.124,0.119,0.129,0.202,3.3
7900235,0.153,0.257,0.114,0.168,0.116,0.192,2.4
7900322,0.179,0.232,0.159,0.139,0.078,0.213,2.4
7900323,0.14400000000000002,0.202,0.244,0.131,0.107,0.173,3.1
7900324,0.084,0.217,0.201,0.17,0.09,0.237,3.5
7900411,0.253,0.224,0.061,0.18600000000000005,0.12,0.157,1.8
7900412,0.389,0.241,0.086,0.156,0.036000000000000004,0.092,2.8
7900413,0.235,0.149,0.129,0.07,0.08900000000000001,0.328,2.0
7900414,0.262,0.302,0.161,0.073,0.054000000000000006,0.149,4.0
7900415,0.236,0.245,0.217,0.098,0.104,0.1,2.5
7900421,0.218,0.204,0.094,0.053,0.018000000000000002,0.413,3.0
7900422,0.157,0.265,0.146,0.172,0.12,0.14,2.3
7900423,0.14800000000000002,0.277,0.145,0.114,0.069,0.247,4.6
7900424,0.153,0.238,0.132,0.18,0.095,0.202,4.0
7900431,0.218,0.246,0.127,0.136,0.049,0.224,2.4
7900432,0.197,0.262,0.133,0.058,0.099,0.25,2.9
7900433,0.21,0.299,0.16,0.095,0.116,0.119,3.8
7900434,0.129,0.324,0.101,0.166,0.068,0.212,1.4
7900511,0.01,0.263,0.126,0.34,0.099,0.161,1.2
7900512,0.136,0.25,0.166,0.219,0.056,0.173,3.0
7900513,0.18,0.184,0.08900000000000001,0.064,0.037000000000000005,0.446,3.4
7900514,0.29100000000000004,0.209,0.104,0.096,0.026,0.274,0.8
7091,0.41,0.117,0.244,0.015,0.0,0.213,2.5
10312,0.16899999999999998,0.371,0.104,0.051,0.052000000000000005,0.254,3.9
10313,0.042,0.297,0.183,0.084,0.026,0.3670000000000001,3.1
10314,0.1,0.294,0.171,0.103,0.049,0.282,3.8
10315,0.328,0.244,0.083,0.111,0.045,0.188,2.9
10316,0.295,0.35,0.132,0.101,0.037000000000000005,0.085,4.3
8600312,0.096,0.275,0.114,0.191,0.166,0.158,4.3
8600313,0.154,0.326,0.061,0.17,0.091,0.197,3.4
8600314,0.086,0.366,0.109,0.158,0.054000000000000006,0.227,2.5
8600321,0.153,0.272,0.1,0.171,0.079,0.225,4.4
8600322,0.155,0.328,0.05,0.145,0.054000000000000006,0.267,2.8
8121,0.188,0.235,0.191,0.095,0.073,0.219,5.9
8311,0.275,0.268,0.142,0.064,0.04,0.21,8.1
8741,0.201,0.28600000000000003,0.131,0.12,0.09,0.172,4.0
8742,0.343,0.252,0.047,0.05,0.026,0.281,3.2
8743,0.457,0.153,0.114,0.07,0.027000000000000003,0.179,4.0
8745,0.26,0.195,0.059,0.064,0.04,0.381,3.4
8746,0.445,0.219,0.057,0.141,0.062,0.076,5.6
8747,0.257,0.244,0.086,0.173,0.093,0.14800000000000002,1.8
8749,0.212,0.233,0.228,0.138,0.092,0.097,2.0
9131,0.135,0.23,0.027000000000000003,0.045,0.002,0.562,4.9
9221,0.22,0.16699999999999998,0.242,0.033,0.008,0.33,9.0
9441,0.344,0.145,0.045,0.033,0.006999999999999999,0.426,6.7
9621,0.517,0.109,0.055,0.058,0.013,0.249,5.6
9751,0.238,0.138,0.037000000000000005,0.034,0.006999999999999999,0.546,6.2
9781,0.35,0.112,0.006,0.077,0.012,0.443,4.3
9981,0.159,0.177,0.044,0.046,0.008,0.5670000000000001,7.4
10151,0.042,0.333,0.071,0.228,0.211,0.114,2.7
10152,0.201,0.267,0.107,0.171,0.09,0.16399999999999998,5.7
10153,0.08800000000000001,0.243,0.077,0.214,0.253,0.126,4.5
10154,0.166,0.18,0.086,0.14,0.107,0.321,3.3
10155,0.19,0.28300000000000003,0.075,0.129,0.058,0.264,4.0
10156,0.109,0.343,0.098,0.12,0.101,0.229,3.5
10201,0.245,0.314,0.057,0.105,0.08,0.198,1.5
10202,0.2,0.239,0.141,0.03,0.035,0.355,3.7
10203,0.146,0.269,0.14400000000000002,0.056,0.032,0.354,4.9
10204,0.055,0.237,0.215,0.153,0.168,0.172,2.4
10205,0.086,0.249,0.282,0.129,0.119,0.136,3.5
10317,0.251,0.282,0.139,0.046,0.077,0.205,2.6
10342,0.317,0.324,0.085,0.064,0.01,0.2,3.7
10343,0.271,0.205,0.158,0.058,0.018000000000000002,0.29,3.0
10344,0.217,0.289,0.121,0.048,0.005,0.32,2.2
10345,0.303,0.232,0.113,0.11,0.003,0.239,3.7
10346,0.135,0.253,0.073,0.035,0.011,0.493,4.9
10541,0.142,0.064,0.015,0.011,0.0,0.768,5.1
10543,0.075,0.09,0.004,0.005,0.006999999999999999,0.818,7.0
10591,0.172,0.198,0.03,0.13,0.016,0.454,16.2
10601,0.28600000000000003,0.121,0.034,0.003,0.004,0.551,9.2
106111,0.009000000000000001,0.252,0.192,0.226,0.11,0.211,6.5
106112,0.105,0.261,0.258,0.157,0.117,0.103,2.7
106121,0.13699999999999998,0.261,0.14,0.196,0.09,0.17600000000000002,3.2
106122,0.153,0.179,0.19,0.101,0.14,0.238,3.1
106123,0.128,0.398,0.157,0.115,0.037000000000000005,0.16399999999999998,2.3
106124,0.147,0.21600000000000005,0.211,0.132,0.166,0.127,2.6
106131,0.043,0.222,0.269,0.102,0.241,0.123,2.8
106132,0.16699999999999998,0.238,0.179,0.115,0.121,0.181,2.3
106133,0.136,0.266,0.311,0.086,0.077,0.124,2.8
106134,0.237,0.293,0.134,0.14400000000000002,0.046,0.145,2.9
106141,0.202,0.231,0.258,0.111,0.073,0.125,3.3
106142,0.19,0.15,0.166,0.09,0.09,0.314,1.7
106143,0.165,0.421,0.084,0.07400000000000001,0.037000000000000005,0.218,5.1
10631,0.182,0.204,0.208,0.199,0.059,0.14800000000000002,3.6
10633,0.109,0.232,0.285,0.128,0.132,0.114,4.2
10634,0.184,0.273,0.22,0.11,0.1,0.114,5.1
10635,0.192,0.206,0.182,0.12,0.07,0.23,4.5
10636,0.354,0.051,0.07400000000000001,0.118,0.025,0.377,3.2
10661,0.079,0.262,0.23,0.162,0.161,0.107,6.9
10981,0.085,0.303,0.191,0.219,0.14,0.063,2.1
11131,0.136,0.205,0.158,0.213,0.17600000000000002,0.113,5.5
11371,0.182,0.177,0.244,0.12,0.075,0.201,2.4
113912,0.16699999999999998,0.266,0.218,0.103,0.079,0.16699999999999998,3.3
113913,0.181,0.21600000000000005,0.252,0.109,0.105,0.138,4.2
113914,0.114,0.28300000000000003,0.219,0.102,0.107,0.173,3.9
113921,0.138,0.251,0.238,0.068,0.094,0.211,2.9
113922,0.168,0.217,0.163,0.197,0.096,0.159,2.9
113923,0.177,0.21600000000000005,0.2,0.129,0.119,0.158,4.4
113924,0.14300000000000002,0.184,0.2,0.188,0.149,0.135,5.0
113931,0.211,0.246,0.213,0.104,0.08199999999999999,0.14400000000000002,2.3
113932,0.125,0.241,0.17800000000000002,0.222,0.138,0.096,2.8
113933,0.196,0.162,0.217,0.161,0.114,0.151,3.9
113934,0.2,0.218,0.247,0.16899999999999998,0.08800000000000001,0.078,4.9
113935,0.111,0.187,0.263,0.122,0.21,0.108,3.7
11611,0.182,0.247,0.028,0.045,0.014,0.484,4.1
11615,0.369,0.002,0.075,0.065,0.004,0.485,3.1
11616,0.455,0.065,0.034,0.05,0.012,0.384,3.4
11617,0.306,0.028,0.037000000000000005,0.006,0.017,0.606,5.8
11618,0.25,0.07,0.121,0.019,0.002,0.5379999999999999,3.5
11619,0.418,0.081,0.081,0.013,0.002,0.405,4.4
11671,0.064,0.343,0.071,0.266,0.13699999999999998,0.119,4.0
11921,0.043,0.101,0.044,0.071,0.016,0.726,3.5
120011,0.061,0.256,0.108,0.223,0.237,0.114,3.2
120012,0.07200000000000001,0.213,0.113,0.242,0.177,0.182,4.4
120013,0.069,0.199,0.145,0.332,0.173,0.08199999999999999,4.7
120015,0.134,0.262,0.106,0.208,0.145,0.14400000000000002,6.2
120016,0.114,0.282,0.149,0.2,0.102,0.152,3.5
120017,0.102,0.226,0.151,0.184,0.185,0.152,4.0
120021,0.104,0.182,0.21,0.29100000000000004,0.085,0.127,2.6
120022,0.115,0.185,0.152,0.279,0.156,0.115,5.8
120023,0.08800000000000001,0.23,0.153,0.265,0.147,0.117,8.9
120024,0.07,0.149,0.16699999999999998,0.337,0.209,0.068,8.3
120033,0.069,0.192,0.1,0.278,0.232,0.13,5.4
120034,0.026,0.15,0.107,0.329,0.245,0.142,2.8
120041,0.081,0.309,0.062,0.193,0.25,0.106,3.3
120042,0.042,0.28,0.066,0.171,0.301,0.14,3.3
120043,0.044,0.35700000000000004,0.056,0.215,0.231,0.097,2.8
12241,0.006,0.34,0.091,0.248,0.21600000000000005,0.1,2.6
12242,0.011,0.292,0.109,0.267,0.227,0.095,1.6
12243,0.059,0.244,0.149,0.275,0.124,0.14800000000000002,2.2
12244,0.06,0.262,0.126,0.225,0.179,0.147,3.1
12451,0.21,0.165,0.016,0.047,0.016,0.546,2.6
12471,0.121,0.247,0.198,0.238,0.101,0.095,3.3
12631,0.057,0.229,0.162,0.276,0.168,0.108,5.5
12681,0.096,0.244,0.08900000000000001,0.213,0.255,0.103,6.1
12711,0.108,0.267,0.114,0.181,0.207,0.123,5.7
12741,0.016,0.269,0.091,0.159,0.054000000000000006,0.412,2.4
12841,0.03,0.18600000000000005,0.097,0.336,0.253,0.097,2.5
12901,0.204,0.212,0.068,0.058,0.017,0.441,5.6
12921,0.118,0.181,0.087,0.06,0.026,0.528,5.1
12922,0.133,0.156,0.11,0.096,0.036000000000000004,0.47,3.3
12923,0.133,0.211,0.091,0.098,0.016,0.452,5.2
12924,0.123,0.115,0.092,0.083,0.016,0.5720000000000001,4.4
12931,0.155,0.246,0.158,0.159,0.097,0.184,2.0
12951,0.067,0.418,0.022,0.102,0.011,0.381,5.6
12961,0.147,0.25,0.045,0.032,0.012,0.515,7.2
13031,0.127,0.224,0.019,0.054000000000000006,0.01,0.5660000000000001,16.0
13041,0.066,0.179,0.109,0.28300000000000003,0.184,0.17800000000000002,4.2
13042,0.067,0.205,0.168,0.24,0.215,0.104,5.1
13043,0.055,0.254,0.111,0.26,0.209,0.112,4.4
13044,0.04,0.28,0.086,0.252,0.156,0.18600000000000005,4.2
13091,0.117,0.153,0.191,0.133,0.03,0.375,5.8
13092,0.23,0.155,0.14800000000000002,0.121,0.04,0.305,5.8
13093,0.247,0.152,0.195,0.078,0.022,0.307,5.1
13095,0.156,0.114,0.25,0.07200000000000001,0.025,0.384,4.8
13097,0.136,0.133,0.294,0.069,0.008,0.36,6.9
13101,0.069,0.238,0.101,0.302,0.173,0.116,2.5
13151,0.079,0.226,0.092,0.236,0.221,0.146,3.4
13191,0.124,0.233,0.057,0.264,0.113,0.208,5.2
13261,0.099,0.337,0.025,0.071,0.016,0.451,7.6
13271,0.17800000000000002,0.101,0.009000000000000001,0.017,0.005,0.6890000000000001,1.6
13272,0.172,0.173,0.028,0.047,0.003,0.5770000000000001,4.0
13273,0.123,0.203,0.064,0.023,0.008,0.58,3.1
13274,0.182,0.179,0.066,0.122,0.02,0.431,3.9
13331,0.127,0.318,0.07,0.247,0.16699999999999998,0.07,2.1
13371,0.03,0.136,0.21600000000000005,0.28,0.25,0.08800000000000001,2.4
20341,0.12,0.256,0.095,0.075,0.032,0.422,8.6
21001,0.318,0.254,0.097,0.079,0.04,0.211,1.6
21003,0.251,0.225,0.071,0.052000000000000005,0.023,0.378,4.2
21004,0.328,0.14400000000000002,0.08199999999999999,0.039,0.031,0.375,2.0
21005,0.235,0.224,0.083,0.115,0.024,0.319,4.5
21006,0.277,0.242,0.1,0.073,0.032,0.277,3.7
21007,0.238,0.126,0.105,0.076,0.05,0.405,2.6
22002,0.27,0.13699999999999998,0.092,0.061,0.018000000000000002,0.422,3.2
22003,0.471,0.16399999999999998,0.059,0.036000000000000004,0.024,0.247,2.1
22004,0.398,0.215,0.151,0.035,0.019,0.182,2.9
22005,0.406,0.181,0.127,0.091,0.042,0.153,3.0
22006,0.364,0.262,0.154,0.08800000000000001,0.023,0.108,5.1
22007,0.373,0.28300000000000003,0.09,0.06,0.005,0.19,2.3
22008,0.267,0.179,0.203,0.048,0.01,0.293,1.9
22009,0.266,0.224,0.209,0.08199999999999999,0.008,0.21,4.5
220010,0.223,0.151,0.191,0.067,0.027000000000000003,0.34,2.1
220011,0.397,0.198,0.14400000000000002,0.048,0.02,0.194,1.9
220012,0.267,0.295,0.095,0.096,0.038,0.209,3.3
23001,0.122,0.274,0.136,0.206,0.138,0.124,5.9
23002,0.038,0.253,0.17,0.238,0.17800000000000002,0.123,3.5
23003,0.1,0.221,0.151,0.224,0.198,0.106,4.6
23004,0.139,0.29600000000000004,0.189,0.142,0.053,0.181,2.3
24001,0.405,0.214,0.11,0.044,0.006,0.221,3.0
24002,0.279,0.25,0.063,0.04,0.026,0.342,2.6
24003,0.28300000000000003,0.199,0.058,0.043,0.023,0.394,2.7
24004,0.318,0.226,0.061,0.056,0.014,0.324,3.3
24005,0.316,0.118,0.039,0.035,0.009000000000000001,0.483,2.2
24007,0.172,0.205,0.003,0.038,0.008,0.573,3.8
24009,0.25,0.241,0.086,0.17600000000000002,0.095,0.152,6.6
240010,0.205,0.274,0.069,0.206,0.142,0.104,3.2
240012,0.274,0.248,0.025,0.081,0.003,0.37,4.0
25002,0.14300000000000002,0.17600000000000002,0.14800000000000002,0.127,0.12,0.285,3.1
25003,0.07200000000000001,0.38,0.12,0.168,0.17800000000000002,0.083,3.2
25004,0.113,0.28800000000000003,0.133,0.14,0.171,0.155,3.2
25005,0.14800000000000002,0.234,0.131,0.155,0.219,0.113,3.6
25006,0.16,0.261,0.119,0.194,0.113,0.154,4.1
25007,0.063,0.348,0.128,0.233,0.149,0.079,6.1
25301,0.232,0.314,0.104,0.126,0.057,0.16699999999999998,9.7
25501,0.189,0.211,0.117,0.073,0.048,0.362,2.7
25502,0.163,0.238,0.099,0.165,0.107,0.228,4.7
25503,0.244,0.205,0.093,0.133,0.052000000000000005,0.273,3.4
25504,0.154,0.249,0.152,0.243,0.099,0.102,9.3
25601,0.166,0.21,0.219,0.07400000000000001,0.151,0.18,4.8
25602,0.199,0.222,0.197,0.119,0.105,0.158,3.6
25603,0.232,0.156,0.246,0.106,0.08,0.181,5.0
25605,0.198,0.215,0.225,0.139,0.083,0.14,4.9
25606,0.16899999999999998,0.243,0.171,0.111,0.156,0.15,5.1
260012,0.369,0.211,0.085,0.094,0.009000000000000001,0.232,1.2
260014,0.308,0.285,0.092,0.054000000000000006,0.029,0.231,4.8
260016,0.331,0.252,0.08199999999999999,0.053,0.03,0.253,4.0
260021,0.342,0.224,0.111,0.044,0.016,0.263,4.4
260022,0.182,0.35,0.185,0.12,0.068,0.095,2.7
260023,0.199,0.279,0.19,0.101,0.054000000000000006,0.177,6.1
260024,0.189,0.292,0.126,0.146,0.068,0.179,3.8
260025,0.339,0.295,0.104,0.064,0.028,0.171,2.8
260031,0.271,0.404,0.08,0.066,0.021,0.158,3.4
260032,0.199,0.378,0.11,0.108,0.034,0.172,1.7
260033,0.277,0.345,0.075,0.112,0.058,0.134,3.7
260034,0.278,0.348,0.1,0.113,0.036000000000000004,0.124,2.0
260035,0.262,0.271,0.166,0.112,0.03,0.158,2.8
260036,0.275,0.27,0.115,0.126,0.05,0.16399999999999998,3.8
261013,0.196,0.285,0.14300000000000002,0.09,0.08199999999999999,0.203,5.7
261014,0.223,0.237,0.133,0.075,0.034,0.297,5.1
261015,0.241,0.181,0.099,0.081,0.044,0.355,2.2
261016,0.205,0.253,0.141,0.043,0.043,0.314,3.9
261021,0.222,0.258,0.13699999999999998,0.113,0.101,0.17,2.5
261022,0.211,0.193,0.132,0.092,0.093,0.279,4.7
261023,0.154,0.214,0.049,0.048,0.09,0.445,1.1
261024,0.215,0.197,0.145,0.128,0.14400000000000002,0.17,3.8
261025,0.077,0.174,0.099,0.24,0.238,0.171,2.9
261026,0.131,0.051,0.246,0.026,0.009000000000000001,0.5379999999999999,6.6
261027,0.46,0.076,0.208,0.025,0.004,0.228,3.7
261033,0.115,0.135,0.163,0.08900000000000001,0.037000000000000005,0.462,5.7
261034,0.24,0.112,0.185,0.199,0.075,0.189,5.4
261035,0.043,0.174,0.154,0.28300000000000003,0.116,0.231,5.1
261036,0.08900000000000001,0.139,0.101,0.299,0.195,0.177,4.2
261037,0.058,0.142,0.163,0.25,0.146,0.24,3.1
26201,0.079,0.263,0.07200000000000001,0.251,0.16,0.174,5.6
26202,0.075,0.254,0.139,0.249,0.16,0.123,4.2
26203,0.18,0.276,0.141,0.189,0.084,0.13,3.6
26204,0.141,0.29100000000000004,0.1,0.196,0.094,0.17800000000000002,3.3
26205,0.159,0.234,0.085,0.123,0.095,0.304,3.9
26206,0.128,0.235,0.11,0.214,0.107,0.206,4.8
26207,0.191,0.254,0.085,0.184,0.117,0.17,1.5
26208,0.102,0.182,0.08199999999999999,0.29,0.274,0.07,3.1
263012,0.171,0.247,0.081,0.064,0.006,0.4320000000000001,3.5
263013,0.122,0.214,0.076,0.059,0.013,0.517,0.6
263014,0.304,0.206,0.084,0.071,0.028,0.306,4.0
263015,0.209,0.127,0.158,0.081,0.023,0.403,3.8
263021,0.213,0.185,0.086,0.031,0.033,0.451,2.4
263022,0.301,0.203,0.105,0.022,0.029,0.34,3.3
263023,0.16399999999999998,0.198,0.201,0.067,0.077,0.293,2.4
263024,0.182,0.317,0.108,0.08199999999999999,0.021,0.29100000000000004,4.8
263025,0.27,0.187,0.198,0.066,0.015,0.265,3.1
263031,0.153,0.29100000000000004,0.105,0.123,0.07400000000000001,0.254,1.1
263032,0.18,0.298,0.12,0.15,0.054000000000000006,0.198,3.3
263033,0.114,0.22,0.269,0.118,0.047,0.232,2.9
263034,0.183,0.166,0.222,0.076,0.101,0.253,4.1
263035,0.12,0.221,0.342,0.172,0.077,0.068,2.4
263036,0.202,0.213,0.151,0.106,0.061,0.267,3.4
263037,0.189,0.168,0.254,0.156,0.085,0.14800000000000002,2.6
26402,0.214,0.227,0.134,0.076,0.017,0.332,4.6
26403,0.355,0.183,0.07,0.057,0.008,0.327,3.6
265032,0.1,0.272,0.08900000000000001,0.236,0.194,0.108,3.3
265033,0.076,0.264,0.066,0.253,0.261,0.079,2.0
265036,0.085,0.267,0.065,0.341,0.194,0.048,0.7
26602,0.166,0.326,0.13,0.13699999999999998,0.078,0.162,4.6
26603,0.049,0.315,0.117,0.271,0.162,0.086,3.0
26604,0.197,0.244,0.106,0.071,0.049,0.331,4.4
26605,0.229,0.245,0.113,0.055,0.046,0.312,4.5
26606,0.226,0.262,0.109,0.071,0.025,0.307,5.0
26607,0.287,0.201,0.113,0.077,0.045,0.277,4.4
26608,0.109,0.279,0.19,0.153,0.079,0.191,7.0
271011,0.182,0.123,0.155,0.077,0.024,0.439,1.8
271012,0.18600000000000005,0.14800000000000002,0.075,0.052000000000000005,0.03,0.509,4.6
271013,0.159,0.22,0.08,0.092,0.016,0.4320000000000001,2.3
271014,0.14800000000000002,0.134,0.034,0.021,0.004,0.66,2.5
271015,0.099,0.188,0.075,0.055,0.003,0.58,4.7
271021,0.165,0.19,0.033,0.034,0.001,0.5760000000000001,4.5
271022,0.28800000000000003,0.08800000000000001,0.027000000000000003,0.035,0.012,0.551,4.4
271031,0.248,0.149,0.063,0.061,0.01,0.468,6.5
271032,0.114,0.19,0.081,0.116,0.042,0.458,1.7
271033,0.12,0.158,0.07,0.05,0.011,0.591,7.0
271034,0.08,0.199,0.08800000000000001,0.062,0.005,0.5670000000000001,5.0
27201,0.16899999999999998,0.141,0.024,0.078,0.036000000000000004,0.5529999999999999,3.0
27204,0.08800000000000001,0.282,0.076,0.016,0.017,0.521,8.1
27205,0.145,0.239,0.045,0.059,0.02,0.493,2.9
27208,0.077,0.224,0.102,0.14400000000000002,0.027000000000000003,0.425,3.8
27301,0.258,0.09,0.097,0.061,0.023,0.471,6.4
27302,0.023,0.187,0.046,0.069,0.019,0.6559999999999999,5.4
27303,0.232,0.179,0.08,0.048,0.017,0.445,2.6
27305,0.224,0.12,0.079,0.14800000000000002,0.031,0.398,4.2
27307,0.061,0.22,0.015,0.048,0.011,0.645,5.1
28002,0.229,0.297,0.114,0.11,0.067,0.183,4.4
28003,0.185,0.217,0.118,0.07,0.038,0.373,3.5
28004,0.231,0.202,0.06,0.07200000000000001,0.024,0.411,4.1
28006,0.241,0.225,0.146,0.11,0.006,0.273,2.9
28007,0.192,0.252,0.114,0.105,0.095,0.243,0.6
28008,0.152,0.317,0.16899999999999998,0.12,0.05,0.192,3.6
280010,0.14400000000000002,0.34,0.109,0.103,0.038,0.265,1.9
3000111,0.226,0.062,0.173,0.042,0.008,0.488,3.1
3000112,0.223,0.073,0.103,0.08199999999999999,0.07,0.449,2.6
3000113,0.208,0.127,0.156,0.063,0.049,0.398,3.4
3000114,0.101,0.168,0.235,0.06,0.052000000000000005,0.383,2.9
3000115,0.076,0.196,0.154,0.05,0.076,0.447,2.5
3000116,0.115,0.24,0.141,0.071,0.124,0.31,3.8
3000121,0.16,0.236,0.105,0.165,0.188,0.146,3.9
3000122,0.226,0.276,0.128,0.104,0.114,0.152,3.1
3000123,0.172,0.234,0.091,0.117,0.175,0.21,4.8
3000124,0.191,0.243,0.085,0.156,0.129,0.195,2.5
3000125,0.156,0.29100000000000004,0.135,0.14400000000000002,0.076,0.198,3.4
3000131,0.133,0.298,0.098,0.117,0.117,0.237,1.6
3000132,0.187,0.223,0.123,0.159,0.141,0.168,4.6
3000133,0.263,0.26,0.129,0.085,0.109,0.155,4.0
3000134,0.132,0.322,0.156,0.104,0.18600000000000005,0.1,2.9
3000135,0.219,0.218,0.16899999999999998,0.107,0.107,0.18,4.5
3000136,0.17,0.251,0.161,0.13699999999999998,0.095,0.185,4.1
3000211,0.096,0.191,0.08199999999999999,0.108,0.023,0.501,267.0
3000411,0.13,0.063,0.24,0.069,0.031,0.468,5.2
3000412,0.279,0.054000000000000006,0.256,0.047,0.019,0.345,5.2
3000413,0.251,0.102,0.181,0.101,0.028,0.337,3.6
3000421,0.234,0.179,0.242,0.139,0.067,0.139,3.6
3000422,0.13,0.257,0.103,0.16899999999999998,0.116,0.224,2.8
3000423,0.306,0.053,0.29600000000000004,0.064,0.051,0.23,4.2
3000424,0.261,0.091,0.294,0.057,0.029,0.269,2.1
3000425,0.134,0.016,0.174,0.065,0.023,0.586,4.8
3000426,0.128,0.042,0.249,0.07200000000000001,0.034,0.475,5.6
3000431,0.102,0.282,0.14,0.18600000000000005,0.107,0.183,4.6
3000432,0.339,0.08900000000000001,0.254,0.034,0.019,0.266,5.0
3000433,0.256,0.206,0.16,0.18,0.084,0.115,2.1
3000434,0.2,0.204,0.165,0.119,0.054000000000000006,0.257,2.8
3000435,0.128,0.32,0.068,0.168,0.218,0.098,2.1
3000513,0.358,0.019,0.15,0.004,0.009000000000000001,0.46,3.8
3000514,0.327,0.028,0.2,0.026,0.016,0.404,4.3
3000515,0.401,0.022,0.246,0.055,0.019,0.256,4.8
3000521,0.207,0.012,0.116,0.024,0.036000000000000004,0.604,4.0
3000522,0.084,0.126,0.253,0.16699999999999998,0.098,0.272,3.3
3000523,0.254,0.199,0.157,0.157,0.087,0.146,2.8
3000531,0.273,0.065,0.179,0.122,0.041,0.321,2.6
3000532,0.321,0.103,0.17800000000000002,0.031,0.009000000000000001,0.358,3.4
3000533,0.302,0.08800000000000001,0.16699999999999998,0.109,0.062,0.271,2.7
3000541,0.059,0.29100000000000004,0.096,0.256,0.222,0.077,3.7
3000542,0.07,0.404,0.073,0.17800000000000002,0.242,0.033,4.2
3000721,0.116,0.13,0.12,0.188,0.093,0.353,2.5
3000812,0.006999999999999999,0.166,0.067,0.111,0.033,0.616,3.3
3000822,0.416,0.064,0.084,0.015,0.003,0.418,5.4
3000823,0.445,0.077,0.071,0.027000000000000003,0.005,0.374,2.8
3000824,0.522,0.013,0.153,0.023,0.005,0.284,6.7
3000826,0.349,0.015,0.122,0.015,0.009000000000000001,0.49,4.8
3000832,0.5660000000000001,0.04,0.218,0.043,0.016,0.117,2.6
3000833,0.29,0.188,0.15,0.037000000000000005,0.049,0.287,1.1
3000834,0.505,0.047,0.198,0.053,0.015,0.182,3.9
3000836,0.13,0.196,0.076,0.08199999999999999,0.037000000000000005,0.478,3.6
3000841,0.13699999999999998,0.555,0.055,0.06,0.03,0.16399999999999998,1.4
3000843,0.08,0.516,0.047,0.122,0.051,0.185,0.9
3000845,0.042,0.589,0.024,0.159,0.056,0.131,1.6
3000846,0.115,0.373,0.107,0.139,0.113,0.154,1.0
3000847,0.081,0.252,0.08900000000000001,0.265,0.255,0.058,0.8
3000851,0.051,0.13,0.109,0.183,0.07200000000000001,0.454,0.7
3000852,0.07400000000000001,0.29,0.1,0.218,0.123,0.195,0.7
3000853,0.304,0.28800000000000003,0.058,0.131,0.033,0.185,1.3
3000854,0.073,0.262,0.141,0.213,0.053,0.257,2.1
3000855,0.098,0.321,0.065,0.243,0.118,0.157,1.4
3000856,0.107,0.389,0.071,0.197,0.068,0.168,1.1
3000858,0.162,0.156,0.145,0.165,0.096,0.276,0.7
3000862,0.122,0.258,0.09,0.235,0.222,0.07200000000000001,1.3
3000863,0.046,0.294,0.059,0.314,0.235,0.052000000000000005,2.9
3000864,0.026,0.333,0.094,0.282,0.211,0.054000000000000006,2.6
3000911,0.546,0.027000000000000003,0.171,0.03,0.027000000000000003,0.199,3.7
3000912,0.5529999999999999,0.022,0.204,0.043,0.008,0.17,4.4
3000913,0.28,0.058,0.205,0.083,0.053,0.321,2.5
3000914,0.597,0.031,0.236,0.034,0.012,0.091,5.4
3000915,0.32,0.05,0.156,0.04,0.024,0.41,5.2
3000921,0.63,0.158,0.091,0.068,0.037000000000000005,0.016,2.6
3000922,0.085,0.194,0.183,0.181,0.083,0.274,2.9
3000923,0.235,0.229,0.156,0.155,0.056,0.17,5.0
3000931,0.218,0.15,0.166,0.206,0.111,0.149,3.0
30001042,0.071,0.23,0.111,0.228,0.278,0.081,2.0
30001043,0.14,0.329,0.107,0.149,0.062,0.213,3.3
30001044,0.117,0.282,0.065,0.258,0.108,0.17,1.6
30001115,0.097,0.224,0.151,0.163,0.182,0.182,1.7
30001121,0.121,0.16899999999999998,0.145,0.185,0.209,0.17,2.2
30001122,0.121,0.253,0.121,0.194,0.181,0.13,3.8
30001123,0.14,0.237,0.14,0.181,0.14,0.16399999999999998,1.5
30001124,0.114,0.273,0.135,0.212,0.103,0.162,3.1
30001131,0.124,0.213,0.103,0.192,0.21,0.159,3.2
30001132,0.179,0.246,0.14400000000000002,0.117,0.116,0.198,4.1
30001133,0.26,0.265,0.099,0.09,0.04,0.247,1.8
30001134,0.229,0.272,0.102,0.155,0.048,0.193,1.4
30001141,0.183,0.275,0.125,0.11,0.098,0.21,4.3
30001142,0.105,0.254,0.149,0.147,0.091,0.254,1.7
30001143,0.201,0.26,0.092,0.09,0.078,0.278,3.5
30001144,0.061,0.301,0.14400000000000002,0.196,0.191,0.107,4.0
30001147,0.105,0.37,0.071,0.135,0.117,0.202,4.0
30001211,0.287,0.16,0.05,0.062,0.08199999999999999,0.359,2.4
30001212,0.254,0.14800000000000002,0.11,0.07,0.06,0.358,3.5
30001213,0.313,0.275,0.016,0.092,0.08800000000000001,0.218,2.4
30001214,0.299,0.235,0.025,0.07,0.029,0.341,2.4
30001215,0.233,0.17600000000000002,0.056,0.077,0.066,0.393,4.5
30001216,0.117,0.214,0.08800000000000001,0.219,0.21600000000000005,0.145,4.1
30001217,0.17800000000000002,0.202,0.106,0.16699999999999998,0.138,0.21,4.3
30001221,0.047,0.234,0.17800000000000002,0.246,0.153,0.141,5.7
30001222,0.073,0.206,0.041,0.332,0.282,0.067,4.5
30001223,0.067,0.214,0.059,0.309,0.281,0.07,3.3
30001311,0.04,0.219,0.063,0.329,0.228,0.122,2.6
30001312,0.064,0.157,0.103,0.264,0.3,0.112,3.2
30001313,0.146,0.155,0.11,0.237,0.242,0.11,2.0
30001314,0.081,0.26,0.073,0.17600000000000002,0.281,0.129,2.2
30001321,0.07,0.294,0.07,0.227,0.262,0.077,1.9
30001322,0.04,0.33,0.096,0.212,0.146,0.177,1.1
30001332,0.035,0.228,0.1,0.192,0.227,0.218,2.9
30001333,0.058,0.18600000000000005,0.038,0.212,0.313,0.193,1.9
30001334,0.105,0.184,0.038,0.218,0.281,0.173,2.6
30001335,0.076,0.243,0.062,0.231,0.213,0.174,2.8
30001336,0.13,0.214,0.108,0.156,0.135,0.257,0.8
30001341,0.145,0.223,0.154,0.205,0.145,0.129,1.0
30001342,0.109,0.187,0.146,0.208,0.228,0.122,4.8
30001343,0.158,0.225,0.126,0.173,0.204,0.113,2.3
30001344,0.14400000000000002,0.228,0.099,0.1,0.124,0.306,3.2
30001345,0.119,0.245,0.15,0.18,0.094,0.211,1.0
30001346,0.126,0.265,0.017,0.16899999999999998,0.103,0.319,1.4
30001351,0.226,0.3720000000000001,0.067,0.132,0.055,0.149,3.2
30001352,0.175,0.309,0.108,0.17600000000000002,0.12,0.112,2.8
30001353,0.234,0.24,0.12,0.156,0.091,0.159,2.5
30001354,0.2,0.27,0.136,0.156,0.149,0.08900000000000001,2.8
30001355,0.172,0.386,0.062,0.208,0.098,0.073,2.5
30001622,0.16,0.258,0.16399999999999998,0.174,0.07,0.173,8.8
30001623,0.214,0.338,0.099,0.106,0.063,0.181,1.0
30001631,0.222,0.257,0.083,0.096,0.093,0.249,3.1
30001632,0.188,0.272,0.121,0.115,0.08800000000000001,0.21600000000000005,5.9
30001633,0.2,0.27,0.097,0.104,0.094,0.235,5.0
30001634,0.166,0.241,0.14,0.123,0.112,0.218,4.6
30001641,0.308,0.255,0.109,0.086,0.102,0.14,3.6
30001642,0.276,0.22,0.14300000000000002,0.112,0.12,0.13,2.7
30001643,0.14300000000000002,0.342,0.118,0.17800000000000002,0.05,0.16899999999999998,2.6
30001644,0.147,0.29,0.099,0.159,0.105,0.199,1.6
35571,0.086,0.3,0.13,0.252,0.117,0.115,3.7
35601,0.093,0.258,0.076,0.334,0.18600000000000005,0.053,3.4
35701,0.133,0.27,0.17600000000000002,0.091,0.141,0.189,2.3
35702,0.22,0.221,0.159,0.168,0.085,0.147,2.9
35703,0.22,0.265,0.149,0.13699999999999998,0.097,0.131,4.1
35704,0.18,0.246,0.162,0.145,0.124,0.14400000000000002,4.1
35705,0.101,0.294,0.21,0.179,0.124,0.091,4.1
35741,0.067,0.334,0.12,0.239,0.126,0.114,5.3
36041,0.012,0.257,0.182,0.252,0.232,0.065,2.9
36111,0.2,0.226,0.182,0.24,0.056,0.095,6.5
36162,0.236,0.225,0.174,0.14800000000000002,0.07,0.147,6.0
36164,0.058,0.253,0.08900000000000001,0.196,0.21,0.194,3.3
36165,0.173,0.239,0.127,0.108,0.124,0.228,4.1
36166,0.16699999999999998,0.201,0.114,0.129,0.191,0.199,2.4
36167,0.211,0.251,0.08800000000000001,0.121,0.118,0.211,4.2
36168,0.174,0.299,0.111,0.135,0.113,0.16899999999999998,5.4
36169,0.278,0.244,0.081,0.117,0.087,0.192,4.6
361610,0.239,0.298,0.098,0.123,0.073,0.16899999999999998,3.6
36171,0.038,0.35200000000000004,0.106,0.284,0.157,0.063,3.2
36381,0.107,0.251,0.14,0.309,0.134,0.059,2.9
36401,0.127,0.293,0.091,0.191,0.134,0.16399999999999998,6.2
36501,0.073,0.255,0.09,0.276,0.196,0.11,6.9
36521,0.017,0.318,0.14800000000000002,0.16399999999999998,0.08,0.274,3.6
36601,0.244,0.08900000000000001,0.182,0.063,0.043,0.378,2.8
37201,0.174,0.273,0.16399999999999998,0.193,0.065,0.132,4.3
37301,0.15,0.28300000000000003,0.194,0.14300000000000002,0.111,0.12,2.1
37302,0.18600000000000005,0.308,0.12,0.126,0.115,0.146,3.1
37303,0.308,0.274,0.095,0.08199999999999999,0.065,0.17600000000000002,5.1
37501,0.16899999999999998,0.301,0.131,0.215,0.1,0.085,6.3
37601,0.138,0.272,0.16399999999999998,0.17600000000000002,0.127,0.123,5.7
37631,0.266,0.233,0.154,0.097,0.055,0.196,3.9
37651,0.08,0.421,0.059,0.35200000000000004,0.061,0.027000000000000003,2.9
37691,0.066,0.243,0.101,0.25,0.232,0.108,2.9
37701,0.049,0.304,0.08199999999999999,0.218,0.193,0.154,2.5
37791,0.12,0.206,0.326,0.122,0.012,0.213,5.5
37801,0.159,0.08199999999999999,0.187,0.051,0.015,0.505,3.3
37802,0.136,0.078,0.202,0.023,0.013,0.547,5.2
37803,0.077,0.075,0.226,0.078,0.048,0.496,5.7
37804,0.09,0.114,0.247,0.086,0.027000000000000003,0.4370000000000001,3.5
37805,0.035,0.067,0.293,0.091,0.032,0.483,3.3
37806,0.006999999999999999,0.045,0.251,0.035,0.024,0.637,7.0
37807,0.034,0.043,0.278,0.063,0.01,0.573,4.9
37881,0.025,0.114,0.083,0.395,0.277,0.106,2.4
37961,0.038,0.195,0.163,0.281,0.203,0.119,2.3
37971,0.14400000000000002,0.258,0.188,0.146,0.06,0.204,1.0
37974,0.226,0.081,0.315,0.07400000000000001,0.012,0.293,10.5
37975,0.32299999999999995,0.122,0.256,0.098,0.032,0.16899999999999998,4.2
37976,0.15,0.092,0.253,0.044,0.041,0.42,3.5
37977,0.16699999999999998,0.037000000000000005,0.295,0.034,0.003,0.463,6.1
37978,0.059,0.078,0.39,0.021,0.017,0.436,4.7
4000111,0.27,0.181,0.161,0.076,0.021,0.29,1.6
4000112,0.203,0.224,0.16,0.163,0.052000000000000005,0.198,4.1
4000121,0.242,0.261,0.149,0.095,0.056,0.197,4.7
4000122,0.289,0.199,0.14400000000000002,0.075,0.068,0.225,4.7
4000131,0.195,0.281,0.124,0.155,0.08800000000000001,0.158,3.1
4000132,0.221,0.236,0.181,0.136,0.08900000000000001,0.136,2.8
4000133,0.209,0.282,0.08800000000000001,0.16899999999999998,0.061,0.191,3.0
4000134,0.185,0.28,0.17800000000000002,0.2,0.097,0.06,4.4
4000135,0.08800000000000001,0.355,0.127,0.206,0.068,0.155,4.7
4000311,0.141,0.17800000000000002,0.111,0.04,0.048,0.482,0.8
4000312,0.183,0.15,0.125,0.042,0.057,0.443,1.2
4000332,0.113,0.299,0.086,0.027000000000000003,0.005,0.469,2.6
4000333,0.106,0.19,0.17800000000000002,0.07200000000000001,0.018000000000000002,0.436,1.4
4000334,0.109,0.22,0.147,0.139,0.103,0.28300000000000003,3.9
4000411,0.099,0.32,0.117,0.095,0.097,0.272,3.6
4000412,0.139,0.199,0.174,0.17,0.096,0.223,3.2
4000413,0.104,0.339,0.081,0.131,0.067,0.279,3.8
4000414,0.13699999999999998,0.152,0.25,0.14,0.113,0.208,3.4
4000416,0.171,0.17800000000000002,0.153,0.183,0.086,0.229,1.5
4000417,0.158,0.246,0.16,0.16699999999999998,0.114,0.155,3.6
4000421,0.14300000000000002,0.173,0.183,0.175,0.105,0.222,2.0
4000422,0.177,0.223,0.125,0.106,0.13699999999999998,0.232,4.2
4000423,0.151,0.275,0.112,0.098,0.129,0.235,5.1
4000424,0.151,0.224,0.168,0.117,0.151,0.189,4.0
4000425,0.094,0.265,0.157,0.173,0.124,0.187,0.6
4000426,0.2,0.152,0.18,0.094,0.13,0.245,4.2
4000511,0.07400000000000001,0.206,0.105,0.272,0.254,0.09,5.3
4000512,0.157,0.207,0.08900000000000001,0.28600000000000003,0.205,0.058,3.2
4000513,0.094,0.225,0.111,0.26,0.196,0.115,3.1
4000514,0.115,0.223,0.154,0.242,0.149,0.117,2.9
4000521,0.098,0.195,0.192,0.152,0.189,0.173,1.8
4000522,0.107,0.232,0.127,0.221,0.16899999999999998,0.14400000000000002,1.8
4000523,0.047,0.238,0.111,0.284,0.14800000000000002,0.173,1.6
4000524,0.108,0.246,0.094,0.29600000000000004,0.17600000000000002,0.08,2.2
4000525,0.058,0.191,0.091,0.334,0.234,0.092,3.4
4000526,0.099,0.204,0.125,0.28,0.16899999999999998,0.123,3.3
4000527,0.152,0.141,0.057,0.086,0.092,0.471,2.1
4000528,0.17,0.257,0.18600000000000005,0.16,0.101,0.125,3.9
4000531,0.165,0.18600000000000005,0.195,0.16399999999999998,0.114,0.17600000000000002,4.2
4000532,0.14300000000000002,0.204,0.11,0.225,0.166,0.151,3.5
4000533,0.081,0.224,0.132,0.22,0.193,0.151,3.7
4000611,0.07200000000000001,0.272,0.132,0.243,0.103,0.17800000000000002,2.8
4000612,0.07400000000000001,0.271,0.16,0.108,0.086,0.301,2.0
4000613,0.111,0.237,0.175,0.152,0.085,0.24,3.1
4000621,0.1,0.265,0.129,0.156,0.218,0.131,3.7
4000622,0.25,0.201,0.248,0.115,0.107,0.079,3.0
4000623,0.197,0.16699999999999998,0.191,0.151,0.15,0.14400000000000002,3.2
4000631,0.191,0.179,0.227,0.125,0.124,0.155,4.0
4000632,0.101,0.302,0.084,0.104,0.136,0.275,2.7
4000633,0.057,0.199,0.085,0.09,0.061,0.51,1.5
4000634,0.14,0.187,0.206,0.098,0.028,0.341,1.5
4000641,0.113,0.241,0.222,0.119,0.085,0.219,3.1
4000642,0.309,0.156,0.2,0.073,0.042,0.22,3.4
4000643,0.458,0.06,0.166,0.083,0.018000000000000002,0.214,1.8
4000644,0.14300000000000002,0.196,0.157,0.166,0.212,0.126,0.7
4000711,0.141,0.16899999999999998,0.08800000000000001,0.027000000000000003,0.076,0.5,1.9
4000712,0.106,0.228,0.24,0.078,0.17800000000000002,0.16899999999999998,4.0
4000713,0.11,0.237,0.14,0.084,0.156,0.273,5.1
4000714,0.17,0.254,0.132,0.185,0.108,0.151,4.8
4000715,0.215,0.309,0.08,0.166,0.08,0.149,0.8
4000721,0.092,0.236,0.14800000000000002,0.268,0.116,0.14,3.8
4000722,0.07400000000000001,0.182,0.151,0.203,0.128,0.262,3.1
4000723,0.12,0.226,0.14800000000000002,0.196,0.165,0.14400000000000002,4.9
4000731,0.149,0.138,0.09,0.073,0.152,0.398,2.4
4000732,0.183,0.243,0.1,0.161,0.16899999999999998,0.14300000000000002,4.1
4000733,0.1,0.294,0.111,0.197,0.145,0.153,2.7
4000811,0.08,0.3,0.145,0.17800000000000002,0.14400000000000002,0.153,3.7
4000813,0.108,0.196,0.114,0.29600000000000004,0.217,0.069,2.8
4000821,0.053,0.35200000000000004,0.105,0.293,0.118,0.079,4.0
4000822,0.094,0.364,0.085,0.22,0.131,0.105,2.0
4000823,0.092,0.2,0.077,0.18600000000000005,0.195,0.25,1.8
4000824,0.08,0.217,0.103,0.247,0.139,0.213,2.8
4000911,0.067,0.221,0.127,0.237,0.256,0.093,3.9
4000912,0.062,0.239,0.134,0.259,0.22,0.087,3.6
4000921,0.038,0.276,0.122,0.199,0.262,0.104,2.2
4000922,0.064,0.17800000000000002,0.138,0.263,0.28800000000000003,0.068,3.6
4000931,0.065,0.244,0.154,0.236,0.211,0.091,3.4
4000932,0.06,0.243,0.138,0.28600000000000003,0.201,0.07200000000000001,4.6
4000933,0.027000000000000003,0.222,0.076,0.339,0.303,0.035,3.3
4000934,0.035,0.279,0.132,0.222,0.236,0.096,3.6
4000941,0.041,0.201,0.091,0.258,0.305,0.105,2.3
4000942,0.07200000000000001,0.242,0.146,0.204,0.273,0.062,1.7
4000943,0.063,0.19,0.129,0.293,0.218,0.107,1.9
4000944,0.041,0.213,0.125,0.28800000000000003,0.261,0.071,4.7
40011,0.123,0.184,0.068,0.077,0.036000000000000004,0.511,5.7
41001,0.2,0.254,0.174,0.128,0.102,0.142,6.5
42011,0.151,0.151,0.093,0.08900000000000001,0.049,0.466,9.5
42031,0.106,0.201,0.063,0.046,0.032,0.552,3.0
5000112,0.066,0.334,0.03,0.267,0.224,0.079,3.9
5000113,0.097,0.253,0.083,0.27,0.195,0.103,5.1
5000114,0.085,0.281,0.103,0.2,0.187,0.145,5.3
5000115,0.104,0.269,0.081,0.27,0.229,0.046,3.1
5000121,0.098,0.269,0.112,0.251,0.17600000000000002,0.094,3.8
5000122,0.055,0.336,0.083,0.256,0.18600000000000005,0.085,3.6
5000123,0.098,0.222,0.101,0.309,0.196,0.07400000000000001,3.9
5000124,0.042,0.254,0.075,0.251,0.28600000000000003,0.092,4.4
5000125,0.054000000000000006,0.262,0.073,0.299,0.23,0.081,4.5
5000131,0.044,0.269,0.156,0.25,0.214,0.066,2.4
5000132,0.063,0.244,0.058,0.27,0.31,0.056,3.5
5000133,0.04,0.206,0.075,0.293,0.232,0.154,4.9
5000134,0.057,0.243,0.07,0.28,0.207,0.14400000000000002,3.5
5000211,0.021,0.243,0.06,0.309,0.27,0.096,4.9
5000212,0.085,0.238,0.075,0.308,0.189,0.104,5.1
5000213,0.121,0.23,0.092,0.231,0.201,0.125,2.9
5000214,0.063,0.278,0.075,0.226,0.244,0.114,3.0
5000215,0.145,0.247,0.116,0.211,0.119,0.162,4.2
5000216,0.202,0.253,0.093,0.204,0.145,0.103,2.7
5000222,0.055,0.225,0.092,0.327,0.229,0.07200000000000001,2.3
5000223,0.064,0.275,0.033,0.303,0.242,0.083,4.4
5000553,0.102,0.429,0.124,0.232,0.075,0.038,1.2
5000554,0.053,0.163,0.096,0.406,0.201,0.081,1.0
5000555,0.042,0.221,0.097,0.393,0.185,0.063,2.0
5000611,0.07200000000000001,0.261,0.101,0.37,0.111,0.086,2.7
5000612,0.028,0.257,0.101,0.359,0.163,0.094,1.4
5000622,0.047,0.269,0.1,0.385,0.119,0.08,0.8
5000711,0.107,0.276,0.07200000000000001,0.172,0.163,0.21,1.1
5000712,0.182,0.263,0.08900000000000001,0.23,0.086,0.15,1.7
5000715,0.048,0.266,0.063,0.316,0.17,0.13699999999999998,1.0
5000721,0.08800000000000001,0.203,0.109,0.251,0.219,0.13,0.8
5000723,0.14400000000000002,0.316,0.022,0.18,0.081,0.257,2.9
5000731,0.141,0.247,0.051,0.215,0.112,0.235,1.8
5000732,0.274,0.256,0.024,0.046,0.038,0.362,3.2
5000734,0.213,0.276,0.064,0.066,0.024,0.35700000000000004,2.6
5000735,0.064,0.31,0.067,0.059,0.057,0.443,2.7
5000736,0.183,0.14300000000000002,0.064,0.031,0.038,0.541,3.9
5000741,0.218,0.104,0.029,0.136,0.076,0.436,2.7
5000743,0.241,0.187,0.122,0.113,0.052000000000000005,0.285,3.5
5000744,0.242,0.258,0.075,0.067,0.008,0.35,4.7
5000745,0.153,0.191,0.036000000000000004,0.093,0.049,0.479,3.5
5000746,0.14400000000000002,0.228,0.1,0.095,0.086,0.34600000000000003,3.7
5000747,0.077,0.235,0.14,0.07400000000000001,0.14400000000000002,0.33,2.9
5000811,0.146,0.36,0.113,0.188,0.108,0.083,1.2
5000812,0.152,0.331,0.094,0.236,0.058,0.129,4.4
5000814,0.279,0.219,0.101,0.117,0.056,0.229,2.8
5000816,0.114,0.168,0.08900000000000001,0.106,0.031,0.4920000000000001,0.6
5000821,0.32,0.211,0.087,0.101,0.008,0.273,1.0
5000822,0.192,0.226,0.121,0.129,0.077,0.254,2.9
5000823,0.193,0.29600000000000004,0.103,0.085,0.016,0.307,1.5
5000824,0.259,0.231,0.113,0.076,0.021,0.3,2.7
5000826,0.18600000000000005,0.317,0.081,0.154,0.041,0.221,0.9
5000832,0.332,0.277,0.099,0.058,0.01,0.224,3.8
5000833,0.262,0.26,0.099,0.046,0.008,0.325,5.0
5000911,0.126,0.287,0.116,0.245,0.128,0.099,4.2
5000912,0.17,0.318,0.021,0.28800000000000003,0.113,0.09,2.9
5000915,0.132,0.308,0.076,0.173,0.098,0.214,3.2
5000916,0.272,0.208,0.078,0.131,0.063,0.248,1.8
5000921,0.163,0.28,0.095,0.179,0.062,0.221,4.3
5000922,0.122,0.235,0.077,0.219,0.105,0.243,1.9
5000923,0.15,0.129,0.006999999999999999,0.032,0.066,0.614,0.7
5000924,0.149,0.198,0.062,0.07400000000000001,0.012,0.505,1.2
5000925,0.219,0.31,0.039,0.145,0.07200000000000001,0.21600000000000005,3.3
5000926,0.233,0.229,0.097,0.101,0.07200000000000001,0.268,3.2
5000927,0.211,0.256,0.106,0.127,0.067,0.232,4.7
5000929,0.228,0.268,0.066,0.1,0.043,0.295,4.3
5000931,0.115,0.27,0.142,0.097,0.021,0.355,2.0
5000933,0.172,0.236,0.05,0.05,0.019,0.474,3.8
5000934,0.407,0.206,0.071,0.106,0.038,0.171,2.2
5000935,0.354,0.19,0.091,0.095,0.013,0.257,2.3
5000937,0.24,0.225,0.09,0.067,0.063,0.314,5.1
5000941,0.193,0.199,0.085,0.064,0.029,0.43,3.0
6100115,0.274,0.127,0.232,0.086,0.021,0.26,4.9
6100121,0.165,0.263,0.07200000000000001,0.075,0.051,0.375,3.0
6100122,0.202,0.203,0.118,0.099,0.08900000000000001,0.289,3.9
6100123,0.188,0.14300000000000002,0.17,0.038,0.017,0.445,6.1
6100211,0.079,0.097,0.24,0.069,0.019,0.496,4.9
6100212,0.109,0.109,0.232,0.08,0.005,0.465,3.8
6100213,0.156,0.035,0.242,0.041,0.015,0.513,2.7
6100214,0.118,0.053,0.24,0.033,0.019,0.537,3.4
6100221,0.112,0.042,0.371,0.062,0.009000000000000001,0.405,3.3
6100222,0.16,0.062,0.264,0.092,0.011,0.41,4.8
6100223,0.241,0.077,0.258,0.045,0.01,0.369,6.3
6100231,0.119,0.201,0.18600000000000005,0.128,0.063,0.303,2.9
6100232,0.192,0.156,0.227,0.118,0.047,0.261,5.7
6100233,0.035,0.102,0.267,0.06,0.057,0.48,5.1
6100311,0.124,0.121,0.21,0.08,0.057,0.408,5.4
6100313,0.166,0.036000000000000004,0.255,0.052000000000000005,0.023,0.468,3.4
6100314,0.149,0.158,0.156,0.154,0.104,0.28,3.5
6100315,0.155,0.165,0.241,0.101,0.063,0.275,4.6
6100321,0.11,0.011,0.241,0.026,0.002,0.61,4.8
6100322,0.155,0.031,0.27,0.017,0.005,0.522,6.4
6100323,0.104,0.032,0.225,0.036000000000000004,0.02,0.583,6.0
6100411,0.056,0.1,0.233,0.076,0.024,0.512,6.1
6100412,0.048,0.085,0.276,0.039,0.006,0.546,1.7
6100413,0.039,0.052000000000000005,0.241,0.073,0.01,0.586,5.4
6100415,0.189,0.07200000000000001,0.231,0.016,0.014,0.479,3.8
6100422,0.258,0.045,0.22,0.033,0.026,0.418,3.1
6100423,0.11,0.037000000000000005,0.149,0.012,0.004,0.688,3.5
6100424,0.146,0.057,0.22,0.053,0.012,0.511,4.6
6100425,0.2,0.023,0.245,0.028,0.024,0.48,4.4
6100426,0.105,0.092,0.229,0.036000000000000004,0.008,0.531,4.6
6200111,0.149,0.196,0.131,0.188,0.095,0.241,4.6
6200112,0.094,0.219,0.17600000000000002,0.133,0.15,0.228,3.3
6200113,0.188,0.213,0.153,0.11,0.056,0.28,5.0
6200114,0.16699999999999998,0.182,0.13,0.211,0.07400000000000001,0.236,3.1
6200115,0.196,0.201,0.15,0.152,0.093,0.209,3.3
6200211,0.17800000000000002,0.168,0.108,0.117,0.103,0.326,3.8
6200212,0.226,0.217,0.092,0.13,0.07200000000000001,0.264,4.4
6200213,0.258,0.215,0.096,0.086,0.037000000000000005,0.308,3.0
6200214,0.155,0.209,0.12,0.047,0.03,0.439,3.2
6200215,0.119,0.246,0.067,0.065,0.01,0.4920000000000001,4.6
6200216,0.271,0.17800000000000002,0.116,0.11,0.07400000000000001,0.25,0.7
6200221,0.154,0.228,0.171,0.043,0.052000000000000005,0.35200000000000004,2.7
6200222,0.131,0.254,0.131,0.098,0.07,0.317,4.4
6200223,0.249,0.202,0.122,0.103,0.036000000000000004,0.28800000000000003,2.6
6200224,0.183,0.239,0.112,0.099,0.054000000000000006,0.314,2.7
6200225,0.058,0.162,0.158,0.024,0.032,0.565,2.3
6200228,0.335,0.145,0.021,0.08800000000000001,0.139,0.272,1.1
6200311,0.17600000000000002,0.32299999999999995,0.091,0.12,0.058,0.232,3.7
6200312,0.225,0.27,0.125,0.105,0.037000000000000005,0.238,2.5
6200313,0.315,0.227,0.1,0.102,0.066,0.19,3.4
6200314,0.219,0.197,0.069,0.118,0.131,0.267,4.0
6200315,0.14400000000000002,0.277,0.099,0.131,0.086,0.263,3.5
6200316,0.226,0.257,0.172,0.101,0.025,0.219,2.4
6200321,0.184,0.18,0.09,0.138,0.094,0.316,3.1
6200322,0.301,0.206,0.105,0.154,0.064,0.171,5.2
6200411,0.2,0.301,0.122,0.106,0.07400000000000001,0.197,3.9
6200412,0.151,0.309,0.076,0.116,0.022,0.325,4.3
6200413,0.284,0.195,0.106,0.061,0.05,0.304,3.9
6200421,0.201,0.267,0.133,0.078,0.095,0.226,5.2
6200422,0.153,0.184,0.214,0.115,0.111,0.224,2.2
6200423,0.183,0.221,0.162,0.134,0.056,0.244,2.6
6200511,0.173,0.223,0.116,0.135,0.126,0.227,3.0
6200512,0.205,0.208,0.108,0.141,0.111,0.227,3.1
6200513,0.248,0.241,0.112,0.097,0.111,0.19,2.7
6200514,0.222,0.215,0.1,0.111,0.181,0.17,3.2
6200521,0.28600000000000003,0.237,0.075,0.105,0.093,0.204,3.5
6200522,0.2,0.274,0.093,0.064,0.085,0.284,4.4
6200523,0.278,0.24,0.104,0.092,0.064,0.222,3.5
630011,0.101,0.219,0.1,0.218,0.138,0.223,2.8
630012,0.128,0.214,0.134,0.22,0.172,0.131,6.0
630013,0.112,0.251,0.099,0.268,0.139,0.13,3.6
630021,0.118,0.177,0.11,0.328,0.106,0.162,4.2
630022,0.098,0.225,0.104,0.29,0.17,0.113,2.9
630023,0.116,0.25,0.102,0.302,0.14,0.091,3.8
630031,0.08900000000000001,0.219,0.165,0.281,0.104,0.142,2.8
630032,0.16,0.258,0.052000000000000005,0.245,0.113,0.172,2.7
630033,0.081,0.219,0.108,0.297,0.162,0.135,4.4
630034,0.122,0.214,0.138,0.242,0.138,0.146,4.1
630041,0.093,0.233,0.108,0.249,0.21600000000000005,0.1,4.6
630042,0.085,0.223,0.106,0.247,0.17800000000000002,0.161,3.2
630043,0.142,0.209,0.104,0.214,0.119,0.211,3.8
630044,0.228,0.133,0.124,0.22,0.126,0.17,3.2
640011,0.224,0.269,0.166,0.08199999999999999,0.091,0.16899999999999998,3.9
640012,0.155,0.187,0.1,0.214,0.058,0.28600000000000003,4.1
640013,0.182,0.24,0.106,0.13699999999999998,0.05,0.285,4.2
640021,0.08800000000000001,0.3,0.101,0.224,0.162,0.125,4.5
640022,0.129,0.326,0.078,0.185,0.157,0.124,5.1
640023,0.105,0.255,0.067,0.235,0.194,0.14400000000000002,3.8
640024,0.135,0.28600000000000003,0.055,0.133,0.092,0.298,3.4
640031,0.179,0.275,0.039,0.248,0.057,0.201,1.9
640032,0.079,0.355,0.08800000000000001,0.189,0.112,0.177,2.1
640033,0.16699999999999998,0.273,0.053,0.184,0.131,0.192,3.0
640034,0.19,0.232,0.135,0.196,0.079,0.16899999999999998,4.2
640035,0.147,0.234,0.084,0.226,0.112,0.197,3.7
640041,0.154,0.239,0.08800000000000001,0.261,0.099,0.16,2.8
640042,0.09,0.263,0.117,0.198,0.14400000000000002,0.188,3.0
640043,0.118,0.3670000000000001,0.09,0.17800000000000002,0.112,0.134,3.0
640044,0.099,0.26,0.068,0.254,0.191,0.128,2.8
640051,0.107,0.315,0.051,0.209,0.119,0.199,2.9
640052,0.114,0.252,0.079,0.265,0.192,0.099,2.4
640054,0.101,0.309,0.119,0.213,0.128,0.129,5.1
640055,0.165,0.273,0.111,0.142,0.111,0.198,1.9
640056,0.113,0.28600000000000003,0.109,0.209,0.162,0.122,3.6
640057,0.209,0.181,0.154,0.117,0.08800000000000001,0.251,2.4
640063,0.073,0.345,0.027000000000000003,0.345,0.15,0.06,2.4
640064,0.064,0.382,0.019,0.313,0.128,0.094,2.8
640065,0.027000000000000003,0.2,0.055,0.374,0.247,0.097,3.3
640066,0.076,0.251,0.08199999999999999,0.247,0.22,0.125,4.1
650011,0.168,0.239,0.23,0.093,0.122,0.14800000000000002,3.9
650012,0.16,0.214,0.203,0.129,0.134,0.16,4.2
650013,0.213,0.195,0.179,0.092,0.037000000000000005,0.285,4.3
650021,0.17800000000000002,0.199,0.229,0.152,0.1,0.142,2.4
650023,0.248,0.248,0.14300000000000002,0.129,0.025,0.207,5.9
650024,0.174,0.252,0.108,0.18600000000000005,0.101,0.179,4.2
650031,0.187,0.28800000000000003,0.166,0.155,0.077,0.127,4.2
650032,0.255,0.256,0.136,0.091,0.064,0.199,5.4
650041,0.14800000000000002,0.28,0.165,0.13699999999999998,0.142,0.129,6.6
650042,0.129,0.234,0.115,0.198,0.109,0.215,2.6
650043,0.11,0.209,0.126,0.07400000000000001,0.035,0.447,2.6
650044,0.21600000000000005,0.237,0.161,0.111,0.059,0.21600000000000005,4.0
650045,0.173,0.255,0.124,0.134,0.08800000000000001,0.225,3.7
650051,0.173,0.203,0.165,0.099,0.09,0.269,4.0
650052,0.236,0.285,0.109,0.133,0.106,0.131,3.6
650053,0.196,0.239,0.16399999999999998,0.136,0.052000000000000005,0.214,4.3
650061,0.244,0.262,0.12,0.123,0.063,0.187,3.7
650062,0.293,0.138,0.139,0.097,0.045,0.28800000000000003,2.7
650064,0.303,0.168,0.043,0.065,0.031,0.39,3.9
6600114,0.418,0.17600000000000002,0.044,0.07400000000000001,0.07400000000000001,0.214,1.1
6600211,0.094,0.302,0.119,0.16699999999999998,0.142,0.175,4.2
6600212,0.168,0.298,0.086,0.123,0.063,0.263,4.1
6600213,0.16899999999999998,0.315,0.094,0.141,0.085,0.197,4.8
6600214,0.21,0.301,0.141,0.115,0.064,0.168,4.4
6600215,0.266,0.35600000000000004,0.064,0.097,0.035,0.181,2.0
6600216,0.17,0.274,0.059,0.142,0.142,0.213,3.0
6600221,0.306,0.273,0.064,0.104,0.078,0.175,1.8
6600222,0.274,0.282,0.048,0.102,0.045,0.249,1.9
6600223,0.19,0.259,0.081,0.131,0.084,0.255,3.0
6600224,0.266,0.201,0.163,0.15,0.02,0.2,2.3
6600225,0.325,0.222,0.07200000000000001,0.093,0.028,0.259,4.2
6600311,0.245,0.192,0.073,0.179,0.061,0.249,2.3
6600312,0.139,0.265,0.13,0.171,0.055,0.241,2.3
6600313,0.135,0.304,0.105,0.142,0.096,0.218,3.5
6600314,0.142,0.298,0.123,0.096,0.07,0.27,2.9
6600321,0.071,0.23,0.158,0.123,0.118,0.301,3.5
6600322,0.177,0.219,0.123,0.155,0.081,0.244,2.3
6600323,0.202,0.204,0.138,0.193,0.067,0.195,3.8
6600324,0.199,0.274,0.184,0.132,0.07200000000000001,0.14,3.8
6600331,0.199,0.281,0.039,0.087,0.049,0.345,2.7
6600332,0.22,0.238,0.044,0.094,0.07,0.334,2.0
6600333,0.158,0.182,0.152,0.118,0.076,0.313,2.7
6600334,0.237,0.21600000000000005,0.094,0.114,0.049,0.29,2.2
6600335,0.182,0.229,0.098,0.125,0.081,0.285,4.3
6600411,0.195,0.235,0.105,0.142,0.016,0.307,1.3
6600412,0.163,0.247,0.109,0.13,0.068,0.28300000000000003,3.4
6600413,0.206,0.324,0.078,0.149,0.085,0.158,4.2
6600414,0.215,0.25,0.116,0.187,0.093,0.139,2.6
6600415,0.165,0.324,0.096,0.193,0.07,0.152,1.9
6600416,0.208,0.267,0.107,0.14800000000000002,0.08,0.189,6.0
6600422,0.238,0.35100000000000003,0.053,0.154,0.079,0.125,2.6
6600423,0.202,0.359,0.055,0.094,0.105,0.185,2.9
6600424,0.133,0.345,0.17,0.129,0.062,0.161,2.3
6600425,0.14,0.308,0.108,0.14,0.098,0.206,3.4
6600426,0.215,0.27,0.077,0.151,0.057,0.23,3.0
6600427,0.199,0.313,0.077,0.109,0.08,0.223,4.5
6600512,0.228,0.256,0.092,0.056,0.051,0.319,4.3
6600513,0.2,0.248,0.122,0.08,0.103,0.247,1.4
6600514,0.152,0.238,0.081,0.084,0.118,0.328,4.4
6600521,0.18,0.272,0.067,0.11,0.049,0.322,4.3
6600522,0.241,0.324,0.095,0.07,0.051,0.22,3.2
6600523,0.211,0.225,0.083,0.118,0.04,0.32299999999999995,4.1
6600611,0.198,0.289,0.07400000000000001,0.113,0.051,0.274,4.3
6600612,0.134,0.28,0.114,0.156,0.136,0.179,2.6
6600613,0.233,0.189,0.159,0.159,0.058,0.203,2.3
6600614,0.27,0.248,0.069,0.124,0.049,0.24,4.5
6600615,0.209,0.259,0.083,0.123,0.058,0.268,3.0
6600621,0.284,0.224,0.124,0.064,0.025,0.279,5.5
6600622,0.221,0.264,0.111,0.096,0.045,0.263,4.1
6600623,0.271,0.204,0.1,0.122,0.056,0.247,3.8
6600624,0.152,0.264,0.118,0.12,0.11,0.236,3.6
6600625,0.145,0.282,0.08800000000000001,0.132,0.117,0.235,3.6
6600626,0.267,0.208,0.131,0.097,0.039,0.258,4.3
670011,0.276,0.292,0.093,0.064,0.015,0.259,5.7
670012,0.348,0.258,0.111,0.077,0.028,0.179,4.6
670014,0.203,0.242,0.053,0.065,0.065,0.374,1.2
670015,0.273,0.15,0.07,0.062,0.011,0.436,1.3
670021,0.278,0.214,0.098,0.077,0.045,0.289,4.9
670022,0.16899999999999998,0.282,0.203,0.133,0.079,0.133,1.7
670023,0.106,0.358,0.16899999999999998,0.1,0.07,0.196,2.7
670024,0.31,0.307,0.105,0.093,0.045,0.141,2.0
670025,0.2,0.226,0.189,0.093,0.12,0.172,2.9
670031,0.211,0.306,0.131,0.069,0.006999999999999999,0.276,3.2
670032,0.213,0.185,0.104,0.077,0.023,0.398,2.3
670033,0.355,0.174,0.079,0.022,0.03,0.34,1.8
680011,0.206,0.302,0.175,0.124,0.052000000000000005,0.142,5.4
680012,0.24,0.207,0.158,0.067,0.031,0.297,3.7
680013,0.187,0.215,0.145,0.077,0.018000000000000002,0.35700000000000004,4.5
680014,0.257,0.149,0.17800000000000002,0.108,0.046,0.26,4.5
680021,0.177,0.269,0.16,0.142,0.039,0.213,5.9
680022,0.119,0.272,0.153,0.14,0.065,0.25,5.0
680023,0.172,0.272,0.163,0.122,0.042,0.229,4.4
680024,0.207,0.254,0.125,0.095,0.034,0.284,4.6
680025,0.225,0.269,0.113,0.113,0.034,0.245,5.8
680031,0.298,0.268,0.13,0.056,0.037000000000000005,0.21,3.4
680032,0.225,0.21600000000000005,0.182,0.118,0.058,0.202,3.2
690011,0.142,0.249,0.104,0.063,0.08900000000000001,0.35200000000000004,3.4
690012,0.201,0.249,0.12,0.093,0.107,0.231,5.1
690013,0.159,0.193,0.119,0.294,0.147,0.08800000000000001,4.3
690015,0.197,0.101,0.18,0.32299999999999995,0.053,0.145,2.2
690016,0.097,0.252,0.113,0.244,0.172,0.122,1.7
690021,0.259,0.244,0.109,0.098,0.061,0.229,3.1
690022,0.111,0.253,0.131,0.28300000000000003,0.13699999999999998,0.085,5.4
690031,0.133,0.34,0.091,0.201,0.109,0.126,3.0
690032,0.14,0.266,0.099,0.237,0.147,0.11,2.8
690033,0.17600000000000002,0.256,0.111,0.209,0.122,0.125,2.4
690034,0.113,0.306,0.097,0.277,0.158,0.049,3.6
690035,0.16899999999999998,0.27,0.132,0.17600000000000002,0.112,0.142,1.9
690036,0.107,0.303,0.153,0.184,0.136,0.117,3.2
690037,0.123,0.218,0.161,0.227,0.11,0.162,3.5
690041,0.115,0.222,0.157,0.213,0.124,0.17,3.5
690042,0.121,0.244,0.099,0.215,0.17,0.152,2.2
690043,0.11,0.247,0.183,0.208,0.127,0.124,3.1
690044,0.182,0.228,0.14800000000000002,0.155,0.109,0.177,5.5
690045,0.175,0.175,0.059,0.23,0.174,0.18600000000000005,2.2
690051,0.16399999999999998,0.27,0.16,0.184,0.117,0.105,4.6
690052,0.112,0.307,0.118,0.201,0.154,0.108,3.2
690053,0.114,0.249,0.09,0.224,0.152,0.172,3.6
690054,0.209,0.231,0.091,0.197,0.124,0.146,3.4
690055,0.113,0.255,0.179,0.195,0.125,0.133,2.9
690056,0.192,0.202,0.16399999999999998,0.213,0.154,0.076,2.9
700013,0.247,0.223,0.086,0.099,0.029,0.316,6.3
700014,0.369,0.238,0.041,0.107,0.08800000000000001,0.157,4.1
700015,0.043,0.218,0.04,0.03,0.009000000000000001,0.66,3.9
700021,0.115,0.259,0.16,0.115,0.252,0.099,3.2
700022,0.383,0.182,0.065,0.064,0.014,0.292,3.5
700023,0.195,0.32299999999999995,0.154,0.085,0.054000000000000006,0.189,4.0
700024,0.218,0.253,0.16699999999999998,0.115,0.05,0.196,3.3
700025,0.24,0.225,0.198,0.077,0.011,0.249,3.0
700031,0.324,0.153,0.058,0.096,0.063,0.307,2.1
700032,0.212,0.252,0.084,0.081,0.032,0.339,4.6
700041,0.224,0.249,0.068,0.049,0.031,0.379,3.0
700042,0.172,0.18,0.15,0.095,0.068,0.335,5.9
700051,0.16399999999999998,0.207,0.308,0.188,0.081,0.052000000000000005,3.7
700052,0.157,0.133,0.292,0.094,0.231,0.094,2.8
700053,0.21600000000000005,0.14400000000000002,0.285,0.091,0.125,0.14,3.3
700054,0.155,0.155,0.355,0.165,0.12,0.049,2.2
7100112,0.208,0.3,0.098,0.208,0.07200000000000001,0.113,5.1
7100113,0.14,0.265,0.12,0.149,0.102,0.223,6.6
7100114,0.184,0.239,0.139,0.128,0.069,0.241,4.7
7100121,0.076,0.16699999999999998,0.273,0.16699999999999998,0.227,0.091,0.7
7100122,0.209,0.194,0.08800000000000001,0.166,0.096,0.247,3.9
7100123,0.17,0.203,0.198,0.159,0.09,0.179,4.2
7100124,0.151,0.244,0.198,0.14300000000000002,0.075,0.188,3.9
7100125,0.153,0.256,0.126,0.17800000000000002,0.07200000000000001,0.215,4.4
7100126,0.255,0.28600000000000003,0.149,0.127,0.041,0.142,3.0
7100127,0.21600000000000005,0.295,0.071,0.128,0.008,0.282,1.0
7100211,0.194,0.267,0.134,0.133,0.068,0.203,4.9
7100212,0.252,0.229,0.116,0.162,0.078,0.16399999999999998,6.2
7100213,0.14800000000000002,0.262,0.17,0.165,0.106,0.149,5.4
7100214,0.195,0.274,0.13699999999999998,0.191,0.132,0.069,3.0
7100215,0.194,0.267,0.116,0.14,0.17,0.113,3.3
7100221,0.066,0.229,0.256,0.145,0.132,0.173,4.2
7100222,0.017,0.34,0.135,0.172,0.076,0.259,1.1
7100223,0.029,0.17600000000000002,0.096,0.078,0.027000000000000003,0.593,2.2
7100225,0.299,0.21,0.078,0.083,0.017,0.313,4.1
7100226,0.112,0.314,0.061,0.048,0.013,0.451,3.5
7100311,0.073,0.193,0.26,0.191,0.151,0.133,4.1
7100313,0.142,0.108,0.16,0.128,0.096,0.366,4.3
7100314,0.183,0.211,0.109,0.08,0.034,0.383,5.6
7100315,0.277,0.196,0.092,0.09,0.02,0.326,2.2
7100316,0.156,0.242,0.13699999999999998,0.156,0.027000000000000003,0.281,4.3
7100321,0.158,0.222,0.112,0.116,0.041,0.35200000000000004,5.7
7100322,0.126,0.175,0.151,0.162,0.101,0.28600000000000003,4.0
7100323,0.097,0.218,0.196,0.08800000000000001,0.092,0.31,5.0
72001,0.222,0.221,0.104,0.053,0.042,0.359,4.0
72002,0.117,0.18,0.15,0.27,0.17,0.114,3.5
72003,0.146,0.219,0.14,0.11,0.05,0.335,3.3
72004,0.165,0.2,0.16,0.125,0.061,0.289,4.5
72005,0.09,0.233,0.135,0.259,0.19,0.093,2.9
72006,0.094,0.18600000000000005,0.122,0.236,0.245,0.117,3.6
72007,0.232,0.234,0.136,0.091,0.08199999999999999,0.225,5.7
72008,0.107,0.243,0.132,0.17800000000000002,0.098,0.241,5.3
720011,0.162,0.243,0.098,0.168,0.105,0.224,3.4
730011,0.097,0.254,0.121,0.21600000000000005,0.086,0.227,2.1
730012,0.149,0.202,0.085,0.071,0.005,0.488,5.8
730013,0.16699999999999998,0.204,0.094,0.094,0.011,0.43,4.9
730014,0.29600000000000004,0.248,0.057,0.112,0.029,0.256,1.2
730015,0.086,0.241,0.078,0.085,0.017,0.493,5.9
730021,0.056,0.199,0.003,0.13699999999999998,0.002,0.603,1.6
730023,0.195,0.211,0.104,0.111,0.014,0.364,3.1
730031,0.322,0.14300000000000002,0.053,0.023,0.002,0.457,3.3
730032,0.14300000000000002,0.256,0.079,0.121,0.036000000000000004,0.366,5.1
730034,0.115,0.277,0.064,0.107,0.015,0.422,4.7
730035,0.147,0.232,0.091,0.122,0.026,0.382,6.6
730041,0.232,0.214,0.123,0.102,0.026,0.303,4.9
730043,0.193,0.175,0.052000000000000005,0.05,0.006,0.524,3.2
730044,0.243,0.23,0.025,0.093,0.008,0.402,2.2
730045,0.016,0.218,0.187,0.377,0.078,0.124,8.1
7400111,0.118,0.246,0.153,0.159,0.107,0.215,0.8
7400112,0.208,0.163,0.066,0.175,0.017,0.371,3.1
7400113,0.268,0.217,0.058,0.054000000000000006,0.013,0.39,4.9
7400114,0.168,0.25,0.14400000000000002,0.21600000000000005,0.145,0.075,6.2
7400115,0.13,0.221,0.119,0.341,0.116,0.07400000000000001,10.2
7400211,0.215,0.218,0.16399999999999998,0.067,0.08,0.257,4.4
7400212,0.225,0.267,0.058,0.105,0.056,0.289,3.7
7400213,0.033,0.408,0.05,0.141,0.104,0.266,2.7
7400221,0.095,0.23,0.208,0.129,0.058,0.28,4.3
7400222,0.183,0.287,0.138,0.085,0.01,0.297,2.2
7400223,0.091,0.25,0.234,0.13,0.08,0.21600000000000005,3.9
7400231,0.337,0.17800000000000002,0.175,0.084,0.019,0.207,4.9
7400232,0.226,0.263,0.13699999999999998,0.121,0.091,0.163,3.6
7400233,0.039,0.208,0.116,0.13699999999999998,0.075,0.423,3.2
7400241,0.18,0.279,0.163,0.104,0.106,0.16699999999999998,4.8
7400242,0.268,0.238,0.124,0.147,0.051,0.172,2.6
7400243,0.078,0.273,0.085,0.116,0.07200000000000001,0.375,3.2
7400311,0.17600000000000002,0.241,0.103,0.101,0.027000000000000003,0.35200000000000004,2.9
7400312,0.061,0.325,0.151,0.06,0.063,0.341,2.2
7400313,0.053,0.209,0.16,0.152,0.07,0.355,2.9
7400321,0.161,0.247,0.123,0.168,0.081,0.221,3.4
7400322,0.21,0.253,0.14400000000000002,0.161,0.071,0.161,4.7
7400323,0.142,0.253,0.098,0.156,0.156,0.195,3.3
7400324,0.159,0.222,0.122,0.138,0.06,0.3,2.2
7400331,0.13699999999999998,0.237,0.19,0.159,0.067,0.211,2.4
7400332,0.165,0.222,0.162,0.103,0.04,0.307,2.4
7400333,0.138,0.253,0.093,0.14300000000000002,0.055,0.317,3.4
7400334,0.193,0.254,0.115,0.163,0.087,0.19,3.0
7400341,0.125,0.3,0.107,0.129,0.13699999999999998,0.201,4.4
7400342,0.14,0.289,0.154,0.128,0.069,0.221,3.2
7400343,0.182,0.231,0.105,0.11,0.093,0.279,2.7
7400351,0.145,0.266,0.13699999999999998,0.11,0.062,0.279,5.0
7400352,0.16399999999999998,0.195,0.19,0.129,0.095,0.227,7.4
7400353,0.14300000000000002,0.232,0.172,0.121,0.1,0.233,1.0
7400354,0.09,0.266,0.229,0.146,0.097,0.172,1.7
7400411,0.189,0.233,0.14300000000000002,0.136,0.209,0.091,1.7
7400413,0.21600000000000005,0.217,0.141,0.145,0.159,0.122,2.5
7400421,0.079,0.159,0.08900000000000001,0.14300000000000002,0.149,0.382,4.0
7400422,0.153,0.163,0.077,0.044,0.024,0.5379999999999999,4.4
7400431,0.28300000000000003,0.18,0.079,0.019,0.01,0.428,5.6
7400432,0.097,0.27,0.14800000000000002,0.146,0.14300000000000002,0.196,2.1
7400511,0.317,0.242,0.105,0.097,0.016,0.222,3.2
7400512,0.145,0.378,0.056,0.063,0.046,0.312,1.8
7400513,0.138,0.338,0.117,0.105,0.14300000000000002,0.159,3.5
7400521,0.106,0.248,0.134,0.16,0.124,0.228,4.2
7400522,0.221,0.195,0.177,0.129,0.083,0.195,3.8
7400523,0.19,0.338,0.146,0.122,0.07200000000000001,0.134,4.1
7400532,0.047,0.368,0.121,0.249,0.12,0.095,4.1
7400533,0.049,0.318,0.114,0.258,0.172,0.09,4.1
7400534,0.041,0.36,0.07400000000000001,0.263,0.145,0.116,2.7
75001,0.253,0.153,0.08900000000000001,0.058,0.03,0.416,4.4
75002,0.125,0.141,0.097,0.1,0.021,0.517,3.8
75004,0.101,0.208,0.113,0.16699999999999998,0.016,0.395,2.8
75005,0.13,0.303,0.07200000000000001,0.073,0.013,0.408,3.0
75006,0.14800000000000002,0.171,0.098,0.046,0.024,0.513,4.8
75007,0.121,0.261,0.102,0.081,0.019,0.417,3.6
760011,0.29600000000000004,0.201,0.076,0.061,0.03,0.336,2.2
760012,0.397,0.244,0.151,0.101,0.018000000000000002,0.08800000000000001,3.8
760013,0.348,0.251,0.131,0.08900000000000001,0.079,0.103,5.7
760014,0.264,0.24,0.108,0.07400000000000001,0.046,0.269,3.1
760015,0.207,0.199,0.284,0.106,0.111,0.094,1.1
760021,0.114,0.487,0.099,0.039,0.013,0.248,3.1
760022,0.229,0.257,0.108,0.121,0.047,0.239,1.2
760023,0.12,0.379,0.096,0.068,0.065,0.272,3.9
760024,0.127,0.295,0.162,0.054000000000000006,0.042,0.319,2.9
760025,0.384,0.117,0.17600000000000002,0.034,0.004,0.284,1.7
760026,0.268,0.147,0.078,0.034,0.031,0.441,2.8
760031,0.197,0.281,0.102,0.095,0.028,0.29600000000000004,2.6
760032,0.145,0.243,0.121,0.08,0.046,0.366,6.2
760033,0.112,0.185,0.021,0.021,0.003,0.6579999999999999,3.6
760034,0.163,0.232,0.104,0.058,0.04,0.403,0.9
760035,0.207,0.371,0.08800000000000001,0.062,0.106,0.16699999999999998,1.3
770011,0.213,0.17800000000000002,0.098,0.093,0.211,0.208,3.2
770012,0.174,0.23,0.189,0.201,0.139,0.067,2.1
770013,0.258,0.18,0.123,0.092,0.096,0.25,3.7
770015,0.263,0.23,0.079,0.047,0.043,0.338,3.8
770016,0.312,0.168,0.08,0.052000000000000005,0.019,0.369,3.8
770021,0.202,0.272,0.147,0.09,0.054000000000000006,0.234,5.0
770023,0.256,0.208,0.14400000000000002,0.123,0.067,0.202,5.5
7900516,0.116,0.225,0.182,0.209,0.085,0.183,1.1
7900521,0.106,0.256,0.123,0.249,0.131,0.136,4.2
7900522,0.11,0.261,0.12,0.242,0.104,0.16399999999999998,4.4
7900523,0.115,0.117,0.254,0.104,0.018000000000000002,0.393,4.2
7900524,0.21,0.195,0.14,0.059,0.087,0.309,4.6
80001,0.265,0.16399999999999998,0.153,0.131,0.146,0.142,3.6
80002,0.318,0.165,0.146,0.065,0.006999999999999999,0.3,4.3
80004,0.358,0.22,0.013,0.07400000000000001,0.009000000000000001,0.326,3.5
80005,0.332,0.215,0.124,0.107,0.058,0.165,4.0
80006,0.348,0.17800000000000002,0.038,0.065,0.085,0.28600000000000003,4.8
80007,0.3670000000000001,0.165,0.063,0.094,0.022,0.289,3.8
80008,0.214,0.271,0.141,0.159,0.095,0.119,4.2
820011,0.23,0.221,0.18600000000000005,0.146,0.086,0.13,4.6
820012,0.14400000000000002,0.279,0.157,0.125,0.111,0.185,3.4
820013,0.197,0.245,0.185,0.157,0.04,0.177,3.6
820014,0.187,0.238,0.153,0.139,0.09,0.193,3.6
820021,0.184,0.204,0.154,0.117,0.151,0.19,4.4
820022,0.123,0.244,0.208,0.147,0.081,0.197,5.5
820023,0.27,0.177,0.116,0.127,0.039,0.271,2.1
820031,0.184,0.329,0.16899999999999998,0.132,0.091,0.095,1.9
820032,0.21,0.233,0.125,0.14400000000000002,0.044,0.244,2.0
820033,0.134,0.21600000000000005,0.194,0.165,0.098,0.192,3.2
820034,0.271,0.305,0.138,0.116,0.07,0.101,3.9
8300113,0.197,0.205,0.132,0.206,0.108,0.152,2.8
8300114,0.179,0.248,0.15,0.113,0.157,0.152,5.4
8300115,0.157,0.237,0.182,0.15,0.08,0.193,4.4
8300116,0.193,0.28300000000000003,0.102,0.138,0.109,0.174,4.3
8300117,0.161,0.293,0.17,0.14300000000000002,0.087,0.145,4.0
8300121,0.14400000000000002,0.33,0.091,0.222,0.115,0.098,4.3
8300122,0.159,0.304,0.157,0.139,0.101,0.14,3.3
8300123,0.173,0.271,0.141,0.086,0.097,0.232,3.0
8300124,0.17,0.27,0.125,0.099,0.12,0.21600000000000005,2.5
8300125,0.204,0.278,0.103,0.123,0.08900000000000001,0.204,5.0
8300126,0.21600000000000005,0.246,0.16699999999999998,0.107,0.078,0.18600000000000005,5.4
8300211,0.183,0.209,0.183,0.185,0.08,0.16,4.0
8300212,0.256,0.241,0.095,0.104,0.019,0.285,5.1
8300213,0.268,0.236,0.073,0.076,0.018000000000000002,0.328,4.2
8300214,0.17800000000000002,0.3,0.121,0.191,0.107,0.103,5.0
8300215,0.182,0.34,0.083,0.156,0.109,0.13,4.7
8300221,0.173,0.264,0.149,0.14800000000000002,0.097,0.17,5.3
8300222,0.166,0.257,0.181,0.165,0.1,0.131,2.9
8300223,0.175,0.257,0.146,0.172,0.069,0.181,4.1
8300224,0.2,0.271,0.157,0.16399999999999998,0.08800000000000001,0.12,2.6
8300225,0.17,0.257,0.147,0.177,0.11,0.14,3.4
8300311,0.289,0.201,0.07200000000000001,0.054000000000000006,0.039,0.345,3.4
8300312,0.133,0.28800000000000003,0.193,0.158,0.068,0.159,3.6
8300313,0.16899999999999998,0.245,0.192,0.16899999999999998,0.068,0.159,5.3
8300314,0.203,0.268,0.119,0.153,0.111,0.146,4.2
8300315,0.126,0.268,0.194,0.138,0.107,0.166,3.2
8300411,0.115,0.287,0.14400000000000002,0.179,0.118,0.158,0.9
8300412,0.156,0.256,0.149,0.175,0.128,0.136,5.4
8300413,0.168,0.277,0.165,0.18,0.092,0.119,4.7
8300421,0.122,0.246,0.162,0.129,0.116,0.225,4.2
8300422,0.142,0.264,0.181,0.141,0.109,0.163,3.6
8300423,0.138,0.256,0.17800000000000002,0.16899999999999998,0.135,0.124,3.8
8300424,0.163,0.324,0.115,0.162,0.12,0.115,3.9
8300425,0.175,0.233,0.174,0.158,0.132,0.127,3.1
8300426,0.152,0.299,0.132,0.192,0.108,0.117,4.8
8300511,0.153,0.183,0.05,0.028,0.034,0.5529999999999999,5.4
8300512,0.2,0.16399999999999998,0.068,0.029,0.025,0.515,3.6
8300513,0.157,0.17,0.086,0.069,0.077,0.441,3.1
8300514,0.103,0.306,0.076,0.191,0.134,0.19,4.2
8300515,0.14800000000000002,0.342,0.107,0.14400000000000002,0.07200000000000001,0.188,2.5
8300516,0.227,0.273,0.15,0.18600000000000005,0.077,0.087,3.7
8300521,0.109,0.34600000000000003,0.131,0.152,0.107,0.156,3.0
8300522,0.092,0.319,0.116,0.138,0.063,0.272,4.8
8300523,0.093,0.373,0.065,0.077,0.054000000000000006,0.338,3.2
8300524,0.092,0.246,0.093,0.142,0.094,0.333,3.4
8300531,0.14800000000000002,0.375,0.09,0.156,0.101,0.13,5.0
8300532,0.193,0.28600000000000003,0.126,0.166,0.067,0.161,2.2
8300533,0.211,0.267,0.131,0.166,0.066,0.159,4.9
8300534,0.218,0.281,0.101,0.192,0.061,0.146,6.4
8300611,0.14800000000000002,0.287,0.114,0.183,0.111,0.157,2.8
8300612,0.133,0.197,0.166,0.257,0.066,0.181,2.7
8300614,0.171,0.309,0.07,0.156,0.109,0.184,3.6
8300615,0.183,0.28800000000000003,0.109,0.138,0.123,0.159,5.2
8300616,0.16399999999999998,0.28600000000000003,0.166,0.151,0.055,0.179,4.0
8300617,0.197,0.252,0.138,0.127,0.102,0.18600000000000005,5.5
8300623,0.211,0.306,0.182,0.084,0.018000000000000002,0.2,2.4
8300624,0.16,0.311,0.12,0.134,0.08800000000000001,0.18600000000000005,5.1
8400112,0.093,0.087,0.11,0.29600000000000004,0.327,0.087,1.6
8400321,0.209,0.197,0.142,0.081,0.081,0.29100000000000004,4.3
8400322,0.267,0.21600000000000005,0.11,0.067,0.081,0.259,4.8
8400411,0.198,0.238,0.116,0.171,0.104,0.174,3.6
8400412,0.141,0.273,0.122,0.172,0.184,0.109,2.2
8400413,0.128,0.193,0.09,0.222,0.202,0.165,4.6
8400414,0.113,0.212,0.147,0.232,0.214,0.08199999999999999,4.0
8400421,0.175,0.195,0.115,0.196,0.177,0.141,3.5
8400422,0.09,0.225,0.117,0.266,0.182,0.12,0.8
8400424,0.16,0.199,0.184,0.29100000000000004,0.14400000000000002,0.022,2.4
8400425,0.16,0.239,0.14800000000000002,0.084,0.048,0.322,3.5
8400431,0.198,0.23,0.114,0.128,0.08900000000000001,0.24,4.5
8400432,0.162,0.212,0.054000000000000006,0.037000000000000005,0.027000000000000003,0.508,6.0
8400433,0.161,0.175,0.235,0.105,0.095,0.23,0.8
850011,0.202,0.13699999999999998,0.03,0.037000000000000005,0.002,0.5920000000000001,2.6
850012,0.068,0.265,0.326,0.069,0.182,0.091,3.0
850013,0.114,0.272,0.213,0.115,0.135,0.152,3.4
850014,0.282,0.185,0.128,0.073,0.022,0.309,3.9
850017,0.184,0.168,0.038,0.036000000000000004,0.018000000000000002,0.555,3.9
850022,0.249,0.264,0.07,0.062,0.019,0.335,4.0
850023,0.179,0.237,0.108,0.055,0.019,0.403,2.2
850024,0.16,0.273,0.096,0.068,0.025,0.379,4.3
850031,0.255,0.252,0.133,0.13,0.112,0.118,3.3
850032,0.309,0.191,0.055,0.026,0.006,0.414,3.4
850034,0.218,0.203,0.112,0.025,0.016,0.425,3.3
850035,0.275,0.152,0.083,0.022,0.016,0.452,3.7
850042,0.242,0.121,0.044,0.028,0.014,0.55,4.5
850043,0.243,0.28600000000000003,0.106,0.044,0.01,0.311,4.8
850044,0.272,0.31,0.08800000000000001,0.027000000000000003,0.009000000000000001,0.293,3.1
8600112,0.13699999999999998,0.28300000000000003,0.105,0.238,0.122,0.115,4.0
8600113,0.16399999999999998,0.255,0.096,0.231,0.085,0.16899999999999998,2.8
8600114,0.181,0.268,0.09,0.18,0.056,0.225,5.4
8600115,0.173,0.228,0.161,0.138,0.046,0.253,2.4
8600116,0.162,0.249,0.153,0.243,0.098,0.096,3.5
8600121,0.14800000000000002,0.239,0.135,0.227,0.094,0.157,3.1
8600122,0.099,0.302,0.071,0.21600000000000005,0.08800000000000001,0.223,1.7
8600123,0.104,0.35100000000000003,0.123,0.217,0.051,0.154,3.3
8600125,0.046,0.268,0.086,0.251,0.101,0.248,2.0
8600131,0.121,0.19,0.166,0.321,0.113,0.08800000000000001,2.3
8600132,0.097,0.224,0.079,0.326,0.11,0.16399999999999998,3.2
8600133,0.109,0.311,0.103,0.251,0.108,0.117,5.6
8600134,0.133,0.264,0.13,0.215,0.098,0.16,3.4
8600135,0.14300000000000002,0.28800000000000003,0.08900000000000001,0.245,0.08800000000000001,0.14800000000000002,2.9
8600136,0.134,0.281,0.086,0.221,0.101,0.17800000000000002,4.8
8600137,0.149,0.173,0.122,0.27,0.095,0.192,1.8
8600138,0.133,0.285,0.111,0.233,0.08,0.158,4.0
8600211,0.134,0.226,0.197,0.21,0.083,0.151,2.5
8600212,0.16,0.21,0.175,0.215,0.08900000000000001,0.15,3.1
8600213,0.179,0.28800000000000003,0.109,0.194,0.08800000000000001,0.14400000000000002,2.9
8600214,0.106,0.29,0.21600000000000005,0.168,0.115,0.104,2.2
8600215,0.212,0.218,0.121,0.202,0.075,0.173,5.0
8600216,0.135,0.238,0.136,0.239,0.087,0.165,4.3
8600221,0.142,0.274,0.095,0.165,0.061,0.262,3.3
8600222,0.163,0.204,0.13,0.196,0.085,0.222,5.1
8600223,0.16899999999999998,0.21,0.123,0.168,0.076,0.253,3.9
8600224,0.132,0.253,0.108,0.231,0.152,0.124,4.0
8600225,0.097,0.3,0.108,0.225,0.126,0.14300000000000002,3.2
8600311,0.14400000000000002,0.268,0.134,0.242,0.08800000000000001,0.126,3.1
8600324,0.158,0.28300000000000003,0.07200000000000001,0.21600000000000005,0.136,0.135,5.4
8600325,0.129,0.302,0.081,0.184,0.103,0.202,4.5
8600411,0.115,0.221,0.101,0.257,0.173,0.133,5.9
8600412,0.277,0.235,0.116,0.131,0.049,0.192,5.6
8600414,0.065,0.246,0.071,0.34600000000000003,0.208,0.064,2.6
8600416,0.069,0.312,0.058,0.29100000000000004,0.222,0.049,1.8
870012,0.065,0.279,0.128,0.262,0.154,0.112,2.4
870013,0.099,0.197,0.08900000000000001,0.277,0.242,0.095,3.1
870014,0.103,0.239,0.091,0.259,0.189,0.12,2.8
870015,0.052000000000000005,0.234,0.08199999999999999,0.32,0.213,0.098,2.1
870016,0.113,0.187,0.09,0.276,0.199,0.136,3.0
870017,0.138,0.266,0.102,0.184,0.146,0.16399999999999998,3.3
870018,0.105,0.287,0.095,0.249,0.136,0.129,2.6
870019,0.095,0.294,0.069,0.245,0.18,0.117,2.5
870021,0.113,0.29,0.087,0.299,0.127,0.084,2.4
870022,0.12,0.247,0.076,0.188,0.17600000000000002,0.192,3.2
870023,0.247,0.194,0.09,0.091,0.055,0.322,2.8
870024,0.136,0.267,0.077,0.215,0.161,0.145,3.3
870025,0.092,0.306,0.08199999999999999,0.233,0.17,0.116,3.5
870026,0.206,0.24,0.105,0.116,0.036000000000000004,0.297,2.9
870027,0.096,0.229,0.101,0.252,0.25,0.07200000000000001,3.6
870028,0.077,0.315,0.097,0.19,0.168,0.152,2.7
870031,0.091,0.25,0.132,0.297,0.172,0.058,6.0
870032,0.07400000000000001,0.254,0.069,0.292,0.253,0.058,3.6
870033,0.103,0.305,0.097,0.218,0.13699999999999998,0.14,3.7
870034,0.123,0.246,0.113,0.26,0.126,0.131,3.7
870035,0.09,0.24,0.116,0.249,0.192,0.112,3.1
870036,0.093,0.282,0.102,0.214,0.193,0.116,2.2
88001,0.14300000000000002,0.197,0.037000000000000005,0.052000000000000005,0.016,0.555,6.1
88002,0.13,0.16399999999999998,0.029,0.063,0.01,0.604,4.9
88003,0.138,0.19,0.048,0.071,0.01,0.544,2.0
88004,0.16,0.16399999999999998,0.01,0.055,0.024,0.586,4.1
88005,0.201,0.191,0.014,0.093,0.022,0.48,2.5
88006,0.157,0.208,0.037000000000000005,0.085,0.03,0.482,2.3
88007,0.109,0.222,0.006,0.14300000000000002,0.031,0.49,4.1
88008,0.121,0.171,0.023,0.107,0.017,0.56,4.1
88009,0.113,0.28600000000000003,0.04,0.153,0.021,0.386,3.6
880010,0.28800000000000003,0.189,0.037000000000000005,0.09,0.025,0.371,2.0
89001,0.095,0.265,0.053,0.115,0.014,0.458,4.4
89002,0.104,0.203,0.058,0.084,0.014,0.536,1.7
89004,0.119,0.202,0.019,0.073,0.013,0.575,3.0
89005,0.17800000000000002,0.149,0.026,0.046,0.008,0.593,4.3
89006,0.229,0.116,0.024,0.052000000000000005,0.004,0.574,1.9
89007,0.07200000000000001,0.349,0.093,0.061,0.022,0.403,8.6
9000111,0.232,0.228,0.134,0.07,0.034,0.302,2.7
9000112,0.203,0.14300000000000002,0.108,0.051,0.062,0.4320000000000001,2.8
9000113,0.213,0.213,0.134,0.076,0.057,0.307,1.8
9000121,0.16699999999999998,0.149,0.129,0.111,0.045,0.399,4.1
9000122,0.113,0.484,0.07,0.122,0.052000000000000005,0.159,1.5
9000123,0.086,0.51,0.063,0.145,0.02,0.17600000000000002,1.3
9000131,0.054000000000000006,0.7020000000000001,0.06,0.07,0.003,0.11,2.4
9000132,0.236,0.174,0.17,0.087,0.054000000000000006,0.28,3.3
9000133,0.119,0.218,0.259,0.184,0.011,0.208,1.6
9000211,0.199,0.177,0.187,0.138,0.114,0.184,3.8
9000212,0.17600000000000002,0.251,0.181,0.081,0.103,0.208,4.7
9000213,0.224,0.166,0.17800000000000002,0.126,0.154,0.152,2.6
9000214,0.248,0.223,0.187,0.109,0.13,0.103,5.0
9000215,0.276,0.27,0.154,0.101,0.043,0.156,1.9
9000216,0.189,0.233,0.222,0.105,0.075,0.17600000000000002,3.8
9000221,0.109,0.236,0.22,0.098,0.204,0.132,3.1
9000222,0.181,0.248,0.192,0.052000000000000005,0.136,0.191,3.2
9000433,0.22,0.239,0.098,0.104,0.077,0.262,1.7
9000434,0.255,0.215,0.15,0.095,0.11,0.174,4.3
9000511,0.174,0.256,0.199,0.188,0.102,0.08,2.3
9000512,0.292,0.319,0.055,0.083,0.052000000000000005,0.198,3.4
9000513,0.145,0.439,0.097,0.151,0.102,0.066,3.3
9000521,0.227,0.243,0.104,0.044,0.034,0.348,2.6
9000522,0.312,0.225,0.11,0.092,0.045,0.21600000000000005,2.9
9000523,0.271,0.272,0.092,0.101,0.029,0.235,3.3
9000611,0.191,0.259,0.12,0.133,0.122,0.175,3.7
9000612,0.238,0.29,0.078,0.086,0.059,0.248,3.0
9000613,0.157,0.318,0.166,0.105,0.09,0.165,4.5
9000614,0.139,0.18600000000000005,0.322,0.061,0.215,0.077,2.2
9000623,0.18600000000000005,0.324,0.095,0.084,0.07200000000000001,0.24,1.3
9000631,0.181,0.256,0.159,0.1,0.101,0.202,4.8
9000632,0.194,0.32,0.081,0.033,0.053,0.319,4.3
9000633,0.087,0.616,0.062,0.077,0.039,0.119,2.5
9000641,0.15,0.277,0.174,0.135,0.131,0.133,2.9
9000642,0.138,0.289,0.187,0.149,0.105,0.133,4.4
9000643,0.174,0.228,0.141,0.192,0.147,0.118,4.9
9000645,0.218,0.209,0.152,0.205,0.094,0.121,8.6
910013,0.206,0.228,0.156,0.166,0.05,0.194,5.5
910014,0.29,0.212,0.122,0.033,0.026,0.318,2.9
910021,0.262,0.233,0.154,0.08800000000000001,0.02,0.244,5.0
910022,0.269,0.185,0.086,0.104,0.069,0.287,1.8
910023,0.14400000000000002,0.247,0.247,0.155,0.107,0.099,4.6
910024,0.197,0.237,0.187,0.127,0.047,0.205,3.4
910031,0.201,0.245,0.151,0.172,0.102,0.129,4.0
910032,0.261,0.232,0.124,0.166,0.066,0.151,4.3
910033,0.2,0.236,0.14,0.172,0.085,0.16699999999999998,3.2
910034,0.208,0.194,0.2,0.195,0.08,0.123,2.8
910041,0.165,0.222,0.185,0.189,0.096,0.14300000000000002,5.0
910042,0.127,0.335,0.14300000000000002,0.172,0.058,0.165,5.1
910043,0.087,0.299,0.238,0.181,0.098,0.097,3.6
92001,0.358,0.218,0.075,0.081,0.012,0.256,4.5
92002,0.28600000000000003,0.179,0.064,0.053,0.018000000000000002,0.401,2.4
92003,0.238,0.179,0.079,0.059,0.033,0.411,5.8
92004,0.305,0.184,0.101,0.024,0.008,0.377,4.3
93001,0.108,0.181,0.11,0.249,0.226,0.125,2.3
93002,0.087,0.267,0.112,0.239,0.168,0.126,5.7
93003,0.039,0.183,0.101,0.273,0.264,0.141,4.8
93004,0.273,0.13,0.177,0.094,0.076,0.251,5.5
94001,0.254,0.279,0.079,0.14800000000000002,0.025,0.215,3.4
94003,0.229,0.282,0.042,0.047,0.025,0.375,2.8
94004,0.232,0.311,0.045,0.07,0.025,0.317,5.1
94005,0.34700000000000003,0.26,0.07200000000000001,0.113,0.05,0.158,3.6
94006,0.208,0.359,0.044,0.085,0.118,0.187,3.3
94007,0.08800000000000001,0.263,0.086,0.241,0.204,0.118,5.5
94008,0.094,0.268,0.08800000000000001,0.222,0.249,0.078,2.5
95002,0.208,0.152,0.204,0.122,0.067,0.247,5.5
95003,0.245,0.2,0.14800000000000002,0.129,0.069,0.208,3.6
95004,0.14,0.261,0.162,0.17800000000000002,0.11,0.149,2.2
95005,0.294,0.219,0.107,0.073,0.031,0.276,4.4
95006,0.21600000000000005,0.249,0.195,0.16,0.07400000000000001,0.107,2.2
95007,0.23,0.27,0.151,0.13699999999999998,0.043,0.16899999999999998,3.5
95008,0.15,0.209,0.187,0.23,0.123,0.101,2.4
95009,0.17600000000000002,0.24,0.177,0.161,0.09,0.157,4.4
950010,0.208,0.265,0.098,0.166,0.078,0.185,3.7
950011,0.223,0.255,0.117,0.115,0.08900000000000001,0.201,5.3
960011,0.198,0.268,0.203,0.174,0.071,0.086,2.4
960012,0.122,0.236,0.25,0.141,0.14300000000000002,0.108,4.4
960013,0.233,0.25,0.151,0.066,0.097,0.203,3.5
960014,0.136,0.24,0.192,0.128,0.115,0.189,3.5
960021,0.289,0.18,0.121,0.114,0.031,0.265,1.3
960022,0.435,0.232,0.059,0.036000000000000004,0.011,0.228,2.1
960023,0.307,0.242,0.112,0.136,0.013,0.19,1.8
960024,0.329,0.25,0.032,0.077,0.017,0.294,1.7
960025,0.16399999999999998,0.224,0.168,0.077,0.071,0.297,2.6
960031,0.102,0.36,0.159,0.107,0.08,0.192,3.1
960032,0.117,0.348,0.151,0.109,0.071,0.204,3.6
960033,0.17600000000000002,0.22,0.17600000000000002,0.121,0.085,0.222,3.0
960034,0.203,0.212,0.193,0.14,0.064,0.189,4.9
970011,0.179,0.223,0.08900000000000001,0.149,0.09,0.271,3.5
970012,0.108,0.161,0.093,0.324,0.192,0.121,5.6
970013,0.165,0.199,0.105,0.272,0.163,0.097,4.1
970014,0.154,0.158,0.122,0.222,0.219,0.125,3.2
970015,0.133,0.277,0.086,0.168,0.133,0.203,2.8
970021,0.177,0.255,0.105,0.17800000000000002,0.158,0.127,5.4
970022,0.073,0.202,0.112,0.261,0.253,0.098,4.5
970023,0.171,0.249,0.123,0.182,0.107,0.16699999999999998,5.4
970024,0.16899999999999998,0.263,0.055,0.155,0.107,0.252,3.3
970031,0.049,0.277,0.11,0.226,0.195,0.14300000000000002,4.9
970032,0.121,0.266,0.055,0.187,0.263,0.109,1.4
970033,0.165,0.14800000000000002,0.114,0.168,0.091,0.314,2.1
98001,0.124,0.278,0.11,0.231,0.117,0.14,3.3
98002,0.12,0.241,0.099,0.277,0.157,0.106,3.0
98003,0.123,0.175,0.083,0.242,0.13,0.248,4.1
98004,0.032,0.173,0.113,0.304,0.297,0.081,1.6
