stat_id,eshcol,pop_thou
71,,0.7
101,,
111,,
131,,
151,,
161,,
181,,0.6
211,,
221,,
231,,
241,,0.6
261,13.0,2.6
271,,
281,14.0,8.9
291,14.0,1.4
311,6.0,4.4
312,6.0,3.1
313,7.0,3.3
314,7.0,2.7
315,,
316,3.0,6.1
317,7.0,4.5
321,,0.5
331,,
351,,
361,,
371,,
391,,
411,11.0,2.9
431,13.0,1.5
441,,
461,7.0,3.4
471,15.0,2.5
481,,1.0
491,,
521,,
531,,5.0
551,,
571,,0.6
581,,
591,,
621,,0.5
631,,0.6
641,,0.9
651,10.0,1.4
661,,0.8
671,,
691,,
70111,,
70112,,
70113,,
70121,,
70122,9.0,2.9
70123,9.0,3.6
70124,,
70125,6.0,2.6
70126,8.0,4.0
70131,7.0,2.3
70132,6.0,2.1
70133,5.0,4.6
70141,2.0,4.7
70142,4.0,3.1
70143,4.0,4.3
70144,4.0,6.7
70145,,
70211,3.0,10.1
70212,2.0,7.1
70221,6.0,2.8
70222,7.0,3.9
70223,6.0,3.5
70231,11.0,3.7
70232,9.0,2.9
70233,10.0,3.9
70234,10.0,4.1
70241,10.0,5.5
70242,6.0,2.9
70243,12.0,3.2
70244,13.0,2.4
70311,12.0,1.0
70312,12.0,1.1
70313,,
70314,11.0,5.2
70315,11.0,3.7
70316,12.0,5.2
70317,11.0,4.4
70321,8.0,4.4
70322,2.0,4.5
70323,6.0,4.5
70331,10.0,3.2
70332,10.0,2.0
70333,11.0,5.1
70341,,
70342,11.0,4.8
70343,10.0,3.4
70411,9.0,4.8
70412,11.0,3.7
70413,10.0,2.7
70414,,
70415,9.0,
70421,12.0,7.0
70422,12.0,7.7
70423,12.0,4.7
70424,11.0,2.8
70425,10.0,5.4
70426,13.0,3.4
70431,,
70432,14.0,4.6
70433,13.0,5.8
70434,13.0,2.4
711,,
721,,0.8
741,,
761,,0.7
771,,1.4
781,,
791,,
801,,0.8
821,,0.7
841,,
851,,0.8
861,,0.6
881,,
891,,0.5
901,,
921,,
941,,
951,,1.2
961,,1.4
971,,0.7
981,,
991,8.0,4.8
1021,,
1031,,1.1
1041,,0.6
1061,,
1071,,
1121,,
1131,,
1151,,0.7
1221,14.0,6.2
1261,,0.6
1271,,
1281,,
1301,,1.1
1321,,
1331,,0.7
1341,,0.8
1351,,
1391,,0.5
1401,,0.9
1411,,
1421,,1.1
1431,,0.6
1441,,
1451,,
1461,,
1471,,1.7
1541,17.0,10.0
1551,,0.8
1561,,
1571,,1.1
1581,,1.3
1591,,0.5
1601,,
1621,,1.2
1631,,0.8
1641,,
1651,,0.5
1661,12.0,4.6
1662,13.0,7.5
1663,10.0,5.3
1671,,0.7
1681,12.0,6.2
1682,14.0,3.6
1683,13.0,6.6
1701,,0.6
1711,12.0,5.5
1731,,0.9
1741,,
1751,,1.2
1761,,1.4
1771,,1.2
1781,,0.8
1821,15.0,10.0
1831,,
1841,,0.9
1861,,
1871,,1.4
1881,,
1891,,0.8
1901,,1.8
1911,,
1921,,0.5
1931,,0.6
1941,,
1951,14.0,5.7
1952,,
1953,16.0,2.6
1954,14.0,5.6
1955,9.0,2.6
1961,,
1971,,0.9
1981,,1.2
1991,,0.7
2001,,
2021,,
2041,,0.6
2051,,0.7
2061,,1.4
2071,,
2081,,0.9
2121,,
2131,,
2171,,1.2
2181,,
2191,,0.5
2201,,0.7
2231,,
2241,,
2251,,0.7
2291,11.0,4.4
2292,17.0,3.4
2293,15.0,4.7
2301,,0.8
2321,,1.0
2331,,0.6
2341,,1.1
2351,,0.6
2371,,0.6
2391,,0.8
2401,10.0,2.1
2402,,
2403,10.0,2.0
2404,11.0,5.4
2405,13.0,3.7
2406,15.0,4.8
2407,10.0,1.0
2411,,1.2
2421,,1.0
2461,6.0,2.2
2462,6.0,5.0
2463,,
2464,6.0,3.8
2465,4.0,3.6
2466,7.0,3.6
2467,7.0,5.0
2468,6.0,2.8
2471,,1.2
2481,,0.6
2491,,1.1
2501,,0.9
2521,,
2531,,
2541,,
2551,,
2561,,0.6
2571,,
2591,,
2621,,
2631,,
2641,,0.5
2651,,
2671,19.0,1.7
2681,,0.6
2691,,0.9
2701,,0.8
2721,,
2731,,0.7
2741,,0.8
2761,,2.7
2781,,
2801,,
2811,,
2821,,0.7
2841,,1.2
2851,,
2861,,
2871,,0.7
2881,,0.9
2891,,1.1
2901,,0.5
2921,,
2931,,
2941,,0.9
2951,,
2961,,
2971,,0.7
2981,,
3001,,0.7
3011,,0.5
3021,,0.8
3031,,0.5
3041,,0.6
3051,,
3061,,
3071,,0.7
3081,,
3091,,1.1
3101,,
3111,,0.6
3121,,
3131,,
3151,,0.6
3161,,0.9
3171,,
3181,,
3191,,0.5
3201,,0.9
3221,,0.7
3241,,
3251,,0.5
3261,,1.7
3271,,0.8
3281,,
3291,,0.7
3301,,
3311,,1.1
3341,,1.0
3351,,0.7
3361,,0.6
3381,,
3391,,
3401,,0.5
3421,,
3431,,
3441,,0.6
3451,,0.5
3461,,
3471,,
3481,,
3511,,0.5
3521,,
3531,,
3541,,1.0
3551,,
3561,,0.6
3571,,
3581,,0.6
3591,,
3601,,0.5
3621,,
3631,,
3641,,0.5
3651,,
3661,,0.8
3671,,0.7
3681,,0.7
3691,,
3701,,
3711,,
3721,,0.5
3731,,0.7
3741,,
3751,,0.6
3761,,0.7
3771,,
3781,,
3791,,0.8
3801,,0.5
3821,,1.2
3831,,0.6
3851,,
3861,,1.2
3871,,0.9
3881,,
3891,,1.0
3901,,0.9
3921,,
3931,,
3941,,0.6
3951,,0.6
3961,,0.7
3971,,0.8
3981,,
3991,,0.9
4001,,0.8
4021,,0.6
4031,,
4051,,
4061,,
4071,,
4081,,0.5
4091,,
4121,,
4131,,
4141,,
4151,,
4161,,0.5
4171,,0.6
4181,,1.2
4191,,0.6
4211,,0.5
4221,,0.8
4231,,0.7
4241,,
4251,,0.9
4261,,0.6
4271,,
4281,,0.6
4291,,0.6
4301,,0.7
4311,,0.8
4321,,
4331,,
4341,,0.6
4351,,0.7
4361,,0.6
4371,,0.5
4391,,
4401,,
4421,,
4431,,0.8
4441,,
4451,,0.7
4461,,1.1
4471,,1.9
4481,,0.7
4491,,1.3
4501,,
4521,,0.5
4531,,
4541,,
4561,,0.6
4571,,0.6
4601,,0.5
4621,,1.0
4631,,
4641,,
4651,,0.6
4661,13.0,6.6
4691,,
4692,10.0,4.3
4693,8.0,3.0
4694,10.0,2.6
4721,4.0,5.8
4731,5.0,3.9
4732,4.0,3.8
4733,6.0,4.5
4751,,0.6
4781,4.0,4.3
4782,4.0,4.6
4783,5.0,3.1
4801,4.0,4.8
4802,4.0,3.6
4803,6.0,2.0
4811,4.0,6.7
4812,4.0,2.6
4813,5.0,2.2
4814,4.0,5.1
4815,4.0,3.0
4821,4.0,7.8
4851,6.0,5.6
4871,10.0,2.9
4891,4.0,8.9
4921,5.0,8.7
4931,,
4941,6.0,2.3
4942,8.0,1.8
4943,8.0,3.0
4944,7.0,2.4
4945,6.0,4.6
4946,6.0,3.4
4947,5.0,2.7
4948,5.0,1.5
4949,7.0,3.9
4961,6.0,5.4
4971,,1.5
4981,7.0,3.7
4982,5.0,4.1
4983,5.0,4.0
4991,5.0,4.2
4992,5.0,2.6
4993,7.0,2.4
4994,7.0,2.7
4995,4.0,4.2
5021,5.0,4.0
5022,4.0,5.3
5023,4.0,5.2
5041,5.0,11.9
5051,5.0,2.7
5071,7.0,8.6
5081,7.0,2.9
5091,4.0,3.3
5092,3.0,4.1
5093,3.0,3.1
5094,3.0,3.3
5095,4.0,4.6
5101,4.0,4.0
5102,3.0,7.1
5103,4.0,2.2
5104,4.0,2.6
5111,4.0,6.7
5121,,2.4
5141,,0.9
5161,4.0,2.7
5162,4.0,5.2
5163,4.0,2.7
5164,4.0,6.8
5165,4.0,2.6
5166,4.0,3.4
5167,4.0,4.0
5168,4.0,2.7
5171,4.0,3.4
5181,11.0,2.8
5201,4.0,6.9
5211,,2.2
5221,3.0,3.5
5222,3.0,2.1
5223,4.0,2.8
5224,3.0,2.1
5231,,1.6
5241,,1.8
5251,5.0,3.7
5261,,2.1
5271,,
5281,,2.6
5291,6.0,4.2
5292,5.0,3.5
5293,5.0,3.6
5301,7.0,4.8
5311,4.0,4.6
5312,6.0,4.0
5313,4.0,3.6
5314,3.0,4.4
5315,5.0,4.1
5321,4.0,2.8
5322,5.0,4.6
5323,5.0,3.6
5351,7.0,2.9
5361,8.0,5.4
5371,4.0,3.1
5372,3.0,5.3
5373,4.0,2.5
5381,4.0,5.8
5391,,1.0
5401,,1.1
5411,2.0,4.3
5412,3.0,4.5
5413,2.0,3.2
5421,5.0,2.9
5422,7.0,3.3
5423,4.0,4.8
5424,5.0,6.0
5431,7.0,7.2
5461,,0.8
5471,,1.3
5491,,0.7
5531,,0.6
5551,,0.5
5591,,0.8
5621,,1.2
5631,,
5641,,
5651,13.0,3.2
5652,11.0,3.6
5653,13.0,3.8
5661,,
5671,,0.9
5701,,0.7
5711,,0.9
5721,,
5731,,
5741,,1.3
5751,,
5761,,0.8
5771,,2.3
5781,,
5791,,1.0
5801,,
5821,,1.2
5841,,
5851,,0.6
5861,,
5871,20.0,3.0
5881,,1.2
5891,,
5901,,
5911,,1.0
5921,,
5931,,0.9
5941,,0.6
5951,,
5961,,
5971,,
5981,,0.9
5991,,
6021,,
6031,,
6041,,0.9
6051,,
6061,,1.2
6071,,1.0
6091,,0.6
6101,,0.9
6121,,0.9
6131,,0.7
6141,,
6151,,1.4
6161,,1.0
6171,,
6181,,0.6
6191,,
6201,,0.6
6221,,1.1
6231,,
6271,3.0,8.4
6331,5.0,2.8
6341,5.0,3.5
6342,6.0,8.0
6343,4.0,5.9
6344,5.0,1.0
6351,,3.1
6361,,1.4
6371,5.0,10.5
6372,4.0,3.0
6373,6.0,3.5
6374,4.0,4.7
6381,4.0,3.4
6382,4.0,4.9
6383,3.0,4.9
6384,3.0,5.0
6481,,
6491,,1.7
6521,,2.4
6541,6.0,3.3
6542,6.0,5.3
6543,9.0,3.4
6544,8.0,3.1
6581,,2.4
6611,,1.4
6621,,0.8
6631,,1.0
6641,,
6651,,0.5
6661,19.0,6.4
6671,,0.5
6681,,0.8
6701,,
6721,,0.6
6731,,0.7
6741,,0.6
6751,,
6761,,
6771,,0.8
6781,,
6791,,0.6
6801,,0.6
6811,17.0,2.5
6812,12.0,4.7
6813,13.0,3.7
6814,16.0,7.9
6815,18.0,2.3
6821,,0.7
6831,,1.0
6841,,0.5
6851,,0.7
6861,,1.0
6871,,0.9
6881,,0.6
6891,,1.0
6901,,0.6
6921,,0.6
6931,,
6941,,1.5
6951,,0.6
6961,,4.7
6971,,0.8
6981,,1.0
6991,,0.8
7001,,1.2
7011,,
7021,,
7031,,
7051,,
7061,,0.8
7071,,
7081,,0.6
7091,,2.5
7101,,1.3
7111,,0.9
7121,,0.7
7131,,
7141,,
7151,,0.5
7161,,
7171,,0.9
7181,,0.7
7191,,
7201,,0.8
7211,,
7221,,0.9
7231,,0.7
7261,,
7271,,0.8
7291,,0.8
7301,,
7311,,0.7
7321,,0.6
7341,,0.8
7351,,0.7
7361,,0.9
7371,,0.9
7381,,
7391,,1.2
7401,,1.0
7411,,0.6
7421,,1.0
7431,,0.8
7441,,
7451,,1.0
7461,,1.1
7471,,0.7
7481,,0.6
7491,,0.7
7501,,
7511,,0.8
7521,,
7531,,0.8
7551,,
7561,,0.9
7571,,1.2
7581,,
7591,,0.7
7601,,0.9
7611,,
7621,,0.6
7631,,1.8
7641,,
7651,,0.6
7661,,
7671,,1.0
7681,,0.5
7691,,0.9
7711,,
7721,,0.9
7731,,0.6
7741,,
7751,,
7761,,
7771,,
7781,,0.5
7791,,0.8
7801,,1.0
7831,,0.6
7841,,0.8
7851,,0.7
7861,,
7871,,1.2
7881,,0.9
7891,,
7911,,0.8
7921,,
7931,,0.9
7941,,
7951,,0.5
7961,,0.7
7971,,1.6
7981,,0.7
7991,,0.9
8001,,0.8
8011,,0.9
8021,,0.6
8031,,
8041,,1.2
8051,,0.6
8061,,0.6
8071,,0.9
8081,,
8091,,
8101,,0.5
8111,,0.6
8121,10.0,5.9
8131,,0.8
8141,,0.9
8151,,
8161,,
8171,,1.1
8181,,0.6
8191,,0.7
8201,,
8211,,0.5
8221,,0.7
8231,,0.5
8241,,0.7
8251,,0.7
8261,,
8271,,0.6
8281,,0.8
8291,,
8311,7.0,8.1
8331,,
8361,,0.6
8371,,0.6
8381,,0.6
8391,,0.7
8401,,
8411,,1.0
8421,,0.6
8431,,
8441,,
8451,,0.7
8461,,
8481,,
8491,,
8501,,1.0
8511,,0.9
8521,,
8531,,1.0
8541,,
8561,,1.1
8571,,0.7
8581,,1.1
8591,,
8611,,0.6
8621,,0.5
8631,,0.7
8641,,0.5
8651,,
8661,,0.6
8681,,
8701,,0.7
8711,,0.6
8721,,
8731,,
8741,7.0,4.0
8742,7.0,3.2
8743,7.0,4.0
8744,,
8745,9.0,3.4
8746,11.0,5.6
8747,11.0,1.8
8748,11.0,
8749,11.0,2.0
8751,,
8771,,0.7
8801,,1.3
8821,,
8851,,
8861,,
8881,,0.7
8891,,
8901,,
8921,,
8971,,
9131,4.0,4.9
9161,,
9171,,0.9
9191,,0.6
9211,,
9221,5.0,9.0
9261,,
9421,,
9441,4.0,6.7
9621,,5.6
9751,4.0,6.2
9781,5.0,4.3
9901,,0.5
9931,,1.2
9941,,1.0
9971,,1.6
9981,4.0,7.4
10151,17.0,2.7
10152,12.0,5.7
10153,17.0,4.5
10154,14.0,3.3
10155,12.0,4.0
10156,12.0,3.5
10201,7.0,1.5
10202,7.0,3.7
10203,7.0,4.9
10204,11.0,2.4
10205,10.0,3.5
10241,,0.8
10311,,
10312,7.0,3.9
10313,7.0,3.1
10314,7.0,3.8
10315,10.0,2.9
10316,9.0,4.3
10317,7.0,2.6
10341,,3.1
10342,7.0,3.7
10343,7.0,3.0
10344,9.0,2.2
10345,7.0,3.7
10346,4.0,4.9
10347,6.0,
10348,,
10431,,
10441,,
10451,,
10461,,
10471,,
10501,,1.4
10511,,
10521,,
10531,,
10541,3.0,5.1
10542,2.0,2.6
10543,1.0,7.0
10561,,
10571,,
10581,,
10591,3.0,16.2
10601,2.0,9.2
106111,11.0,6.5
106112,10.0,2.7
106113,,
106121,11.0,3.2
106122,7.0,3.1
106123,7.0,2.3
106124,12.0,2.6
106125,,
106131,10.0,2.8
106132,12.0,2.3
106133,8.0,2.8
106134,9.0,2.9
106141,8.0,3.3
106142,8.0,1.7
106143,9.0,5.1
10631,11.0,3.6
10632,,
10633,9.0,4.2
10634,10.0,5.1
10635,7.0,4.5
10636,7.0,3.2
10641,,0.6
10651,,
10661,10.0,6.9
10671,,
10681,,
10691,,0.8
10701,,0.5
10711,,
10721,,
10761,,
10771,,
10791,,
10801,,1.1
10811,,
10821,,1.8
10831,,0.7
10841,,
10851,,
10941,,
10951,,
10981,,2.1
11021,,
11031,,
11041,,
11051,,0.8
11081,,
11101,,
11111,,
11121,,
11131,,5.5
11141,,1.0
11151,,
11171,,
11231,,0.6
11241,,
11251,,
11261,,
11271,,
11281,,
11291,,
11301,,
11321,,
11331,,
11341,,
11361,,
11371,7.0,2.4
11381,,0.6
113911,,
113912,11.0,3.3
113913,10.0,4.2
113914,10.0,3.9
113921,9.0,2.9
113922,12.0,2.9
113923,12.0,4.4
113924,12.0,5.0
113931,11.0,2.3
113932,15.0,2.8
113933,12.0,3.9
113934,12.0,4.9
113935,12.0,3.7
11401,,1.2
11411,,
11431,,
11441,,
11451,,0.5
11461,,
11471,,
11481,,
11491,,0.8
11501,,
11511,,
11521,,
11531,,
11541,,
11551,,
11561,,
11571,,
11581,,
11601,,0.6
11611,4.0,4.1
11612,3.0,4.0
11613,2.0,6.2
11614,2.0,6.9
11615,4.0,3.1
11616,5.0,3.4
11617,3.0,5.8
11618,3.0,3.5
11619,4.0,4.4
116110,1.0,2.8
116111,4.0,5.7
11621,,
11631,,
11651,,
11661,,
11671,,4.0
11711,,
11721,,
11731,,
11741,,0.7
11751,,
11761,,
11771,,
11781,,1.1
11791,,0.7
11801,,
11811,,0.9
11821,,0.9
11831,,
11841,,
11851,,
11861,,1.6
11871,,
11881,,
11901,,0.7
11911,,0.6
11921,3.0,3.5
11922,4.0,4.0
11923,1.0,4.1
11951,,
11971,,
11981,,
11991,,1.6
120011,16.0,3.2
120012,13.0,4.4
120013,14.0,4.7
120014,,
120015,13.0,6.2
120016,13.0,3.5
120017,14.0,4.0
120021,13.0,2.6
120022,14.0,5.8
120023,13.0,8.9
120024,15.0,8.3
120031,,
120032,,
120033,16.0,5.4
120034,16.0,2.8
120041,17.0,3.3
120042,17.0,3.3
120043,18.0,2.8
12011,,1.2
12021,,
12031,,
12041,,0.8
12051,,
12061,,
12071,,
12081,,0.5
12091,,
12101,,
12111,,
12121,,
12131,,
12141,,
12191,,
12201,,
12211,,0.7
12221,,0.7
12231,,
12241,18.0,2.6
12242,18.0,1.6
12243,15.0,2.2
12244,14.0,3.1
12251,,
12261,,0.9
12271,,0.7
12281,,0.8
12291,,
12301,,
12311,,
12321,,0.6
12331,,0.5
12351,,
12361,,1.0
12371,,
12381,,
12391,,
12401,,0.9
12411,,
12421,,0.7
12441,,1.4
12451,,2.6
12461,,1.3
12471,13.0,3.3
12481,,
12491,,1.0
12511,,
12521,,
12531,,
12541,,
12551,,
12561,,0.7
12571,,
12581,,
12591,,
12601,,
12611,,
12621,,
12631,16.0,5.5
12641,,1.7
12651,,0.6
12661,,
12671,,
12681,17.0,6.1
12711,16.0,5.7
12721,,
12741,,2.4
12751,,
12761,,
12791,,
12801,,
12821,,
12831,,
12841,,2.5
12851,,0.6
12861,4.0,7.0
12871,,
12881,,1.6
12901,6.0,5.6
12911,,
12921,5.0,5.1
12922,5.0,3.3
12923,5.0,5.2
12924,4.0,4.4
12931,,2.0
12941,,
12951,5.0,5.6
12961,4.0,7.2
12971,,
13031,4.0,16.0
13041,16.0,4.2
13042,15.0,5.1
13043,16.0,4.4
13044,16.0,4.2
13091,6.0,5.8
13092,6.0,5.8
13093,4.0,5.1
13094,2.0,5.5
13095,4.0,4.8
13096,,
13097,4.0,6.9
13101,,2.5
13111,,
13131,,0.6
13141,,0.7
13151,,3.4
13161,,
13171,,
13181,,
13191,,5.2
13201,,
13211,,
13221,,
13231,,
13241,,
13251,,
13261,4.0,7.6
13271,3.0,1.6
13272,3.0,4.0
13273,2.0,3.1
13274,5.0,3.9
13301,,1.2
13311,,1.2
13321,,0.5
13331,,2.1
13341,,
13351,,0.6
13371,,2.4
13391,,
13401,,
13421,,
13431,,
13441,,
13461,,
13471,,
13481,,
13491,,
13581,,
13591,,
13601,,
13611,,
14191,,2.0
17221,,
20021,,0.7
20031,,0.6
20061,,
20081,,0.6
20091,,
20101,,0.5
20111,,1.0
20121,,
20131,,0.6
20141,,
20151,,0.8
20161,,
20181,,0.8
20211,,
20231,,
20241,,0.9
20261,,
20291,,0.5
20301,,
20331,,
20341,6.0,8.6
20351,,
20381,,1.5
20391,,
20421,,0.5
20431,,
20441,,
20451,,
20461,,0.6
20471,,
20481,,
20491,,
20501,,
20511,,
20521,,
20531,,
20541,,
20551,,0.9
20571,,
20591,,
20601,,
20611,,
20621,,
20631,,
20641,,
21001,10.0,1.6
21002,,
21003,7.0,4.2
21004,7.0,2.0
21005,10.0,4.5
21006,9.0,3.7
21007,7.0,2.6
22001,,
22002,8.0,3.2
22003,9.0,2.1
22004,7.0,2.9
22005,8.0,3.0
22006,9.0,5.1
22007,9.0,2.3
22008,6.0,1.9
22009,10.0,4.5
220010,7.0,2.1
220011,8.0,1.9
220012,8.0,3.3
23001,14.0,5.9
23002,15.0,3.5
23003,15.0,4.6
23004,15.0,2.3
24001,7.0,3.0
24002,7.0,2.6
24003,6.0,2.7
24004,7.0,3.3
24005,5.0,2.2
24006,,
24007,6.0,3.8
24008,6.0,1.9
24009,12.0,6.6
240010,15.0,3.2
240011,9.0,
240012,9.0,4.0
240013,9.0,0.5
25001,,
25002,10.0,3.1
25003,12.0,3.2
25004,12.0,3.2
25005,13.0,3.6
25006,13.0,4.1
25007,14.0,6.1
25301,12.0,9.7
25501,10.0,2.7
25502,13.0,4.7
25503,11.0,3.4
25504,13.0,9.3
25601,9.0,4.8
25602,9.0,3.6
25603,8.0,5.0
25604,,
25605,12.0,4.9
25606,13.0,5.1
260011,9.0,
260012,9.0,1.2
260013,9.0,
260014,9.0,4.8
260015,9.0,
260016,9.0,4.0
260021,8.0,4.4
260022,11.0,2.7
260023,10.0,6.1
260024,13.0,3.8
260025,10.0,2.8
260031,11.0,3.4
260032,11.0,1.7
260033,11.0,3.7
260034,12.0,2.0
260035,12.0,2.8
260036,12.0,3.8
261011,,
261012,9.0,
261013,9.0,5.7
261014,8.0,5.1
261015,6.0,2.2
261016,7.0,3.9
261017,,
261021,11.0,2.5
261022,6.0,4.7
261023,11.0,1.1
261024,9.0,3.8
261025,11.0,2.9
261026,2.0,6.6
261027,2.0,3.7
261031,,
261032,1.0,6.9
261033,3.0,5.7
261034,5.0,5.4
261035,10.0,5.1
261036,10.0,4.2
261037,7.0,3.1
261038,,
26201,16.0,5.6
26202,18.0,4.2
26203,12.0,3.6
26204,12.0,3.3
26205,11.0,3.9
26206,13.0,4.8
26207,11.0,1.5
26208,19.0,3.1
263011,,
263012,7.0,3.5
263013,7.0,0.6
263014,8.0,4.0
263015,6.0,3.8
263021,8.0,2.4
263022,6.0,3.3
263023,10.0,2.4
263024,7.0,4.8
263025,6.0,3.1
263026,,
263031,7.0,1.1
263032,11.0,3.3
263033,7.0,2.9
263034,9.0,4.1
263035,9.0,2.4
263036,9.0,3.4
263037,8.0,2.6
26401,,
26402,10.0,4.6
26403,7.0,3.6
26404,8.0,4.3
26405,10.0,3.2
26406,9.0,3.1
26407,12.0,4.0
26408,17.0,3.1
26409,13.0,2.8
264010,,
264011,13.0,3.2
264012,15.0,2.1
264013,15.0,3.8
265011,11.0,5.0
265012,,
265013,13.0,4.9
265014,19.0,4.7
265021,18.0,3.7
265022,17.0,4.1
265023,16.0,3.6
265024,18.0,2.8
265031,19.0,4.2
265032,18.0,3.3
265033,20.0,2.0
265034,,
265035,,
265036,18.0,0.7
265037,,
265038,,
26601,13.0,
26602,13.0,4.6
26603,17.0,3.0
26604,8.0,4.4
26605,7.0,4.5
26606,8.0,5.0
26607,9.0,4.4
26608,11.0,7.0
26609,,
271011,5.0,1.8
271012,5.0,4.6
271013,5.0,2.3
271014,3.0,2.5
271015,4.0,4.7
271021,2.0,4.5
271022,3.0,4.4
271031,4.0,6.5
271032,4.0,1.7
271033,4.0,7.0
271034,3.0,5.0
27201,5.0,3.0
27202,6.0,1.7
27203,6.0,2.8
27204,5.0,8.1
27205,6.0,2.9
27206,6.0,
27207,6.0,
27208,6.0,3.8
27301,6.0,6.4
27302,5.0,5.4
27303,4.0,2.6
27304,5.0,2.7
27305,6.0,4.2
27306,6.0,
27307,4.0,5.1
27308,6.0,
28001,,
28002,11.0,4.4
28003,10.0,3.5
28004,7.0,4.1
28005,10.0,2.2
28006,10.0,2.9
28007,11.0,0.6
28008,9.0,3.6
28009,,
280010,11.0,1.9
3000111,2.0,3.1
3000112,4.0,2.6
3000113,5.0,3.4
3000114,5.0,2.9
3000115,6.0,2.5
3000116,7.0,3.8
3000121,10.0,3.9
3000122,10.0,3.1
3000123,11.0,4.8
3000124,11.0,2.5
3000125,10.0,3.4
3000131,12.0,1.6
3000132,12.0,4.6
3000133,9.0,4.0
3000134,11.0,2.9
3000135,11.0,4.5
3000136,11.0,4.1
3000211,4.0,267.0
3000212,4.0,
3000213,4.0,
3000221,4.0,
3000222,4.0,
3000223,4.0,
3000224,4.0,
3000311,4.0,
3000312,4.0,
3000313,4.0,
3000314,4.0,
3000321,4.0,
3000322,2.0,
3000323,2.0,
3000411,4.0,5.2
3000412,4.0,5.2
3000413,5.0,3.6
3000421,10.0,3.6
3000422,10.0,2.8
3000423,4.0,4.2
3000424,4.0,2.1
3000425,5.0,4.8
3000426,4.0,5.6
3000431,13.0,4.6
3000432,4.0,5.0
3000433,10.0,2.1
3000434,7.0,2.8
3000435,17.0,2.1
3000436,,
3000511,,
3000512,4.0,2.8
3000513,4.0,3.8
3000514,4.0,4.3
3000515,4.0,4.8
3000521,6.0,4.0
3000522,9.0,3.3
3000523,10.0,2.8
3000531,6.0,2.6
3000532,4.0,3.4
3000533,7.0,2.7
3000541,15.0,3.7
3000542,14.0,4.2
3000543,,1.4
3000611,2.0,
3000612,2.0,
3000613,3.0,
3000614,3.0,
3000615,3.0,
3000616,3.0,
3000621,4.0,
3000622,4.0,
3000623,5.0,
3000624,5.0,
3000711,2.0,
3000712,2.0,
3000713,2.0,
3000721,7.0,2.5
3000731,5.0,
3000741,4.0,
3000811,,
3000812,4.0,3.3
3000821,2.0,6.3
3000822,2.0,5.4
3000823,3.0,2.8
3000824,3.0,6.7
3000825,2.0,2.6
3000826,4.0,4.8
3000831,,
3000832,5.0,2.6
3000833,5.0,1.1
3000834,4.0,3.9
3000835,6.0,1.9
3000836,6.0,3.6
3000841,7.0,1.4
3000842,7.0,0.6
3000843,7.0,0.9
3000844,11.0,
3000845,11.0,1.6
3000846,11.0,1.0
3000847,11.0,0.8
3000851,11.0,0.7
3000852,11.0,0.7
3000853,9.0,1.3
3000854,9.0,2.1
3000855,11.0,1.4
3000856,11.0,1.1
3000857,11.0,1.1
3000858,11.0,0.7
3000861,15.0,0.7
3000862,15.0,1.3
3000863,14.0,2.9
3000864,14.0,2.6
3000911,6.0,3.7
3000912,4.0,4.4
3000913,9.0,2.5
3000914,3.0,5.4
3000915,4.0,5.2
3000916,4.0,
3000921,6.0,2.6
3000922,9.0,2.9
3000923,6.0,5.0
3000924,,
3000925,15.0,
3000931,11.0,3.0
3000932,10.0,6.1
3000933,9.0,4.6
3000934,12.0,2.0
30001011,12.0,4.4
30001012,16.0,4.6
30001013,17.0,3.7
30001014,15.0,3.1
30001015,12.0,4.2
30001016,11.0,3.2
30001021,,
30001022,19.0,1.4
30001023,,
30001024,,0.5
30001031,11.0,5.9
30001032,9.0,3.2
30001033,,
30001034,9.0,4.9
30001035,10.0,4.0
30001041,16.0,1.5
30001042,16.0,2.0
30001043,12.0,3.3
30001044,12.0,1.6
30001111,,
30001112,,
30001113,,
30001114,,
30001115,15.0,1.7
30001116,,
30001121,12.0,2.2
30001122,11.0,3.8
30001123,12.0,1.5
30001124,12.0,3.1
30001131,13.0,3.2
30001132,9.0,4.1
30001133,11.0,1.8
30001134,11.0,1.4
30001141,10.0,4.3
30001142,7.0,1.7
30001143,7.0,3.5
30001144,14.0,4.0
30001145,,
30001146,,
30001147,13.0,4.0
30001211,6.0,2.4
30001212,7.0,3.5
30001213,9.0,2.4
30001214,9.0,2.4
30001215,9.0,4.5
30001216,13.0,4.1
30001217,11.0,4.3
30001221,12.0,5.7
30001222,15.0,4.5
30001223,17.0,3.3
30001311,15.0,2.6
30001312,16.0,3.2
30001313,14.0,2.0
30001314,16.0,2.2
30001321,14.0,1.9
30001322,14.0,1.1
30001331,14.0,
30001332,14.0,2.9
30001333,16.0,1.9
30001334,16.0,2.6
30001335,13.0,2.8
30001336,16.0,0.8
30001341,15.0,1.0
30001342,15.0,4.8
30001343,14.0,2.3
30001344,9.0,3.2
30001345,12.0,1.0
30001346,12.0,1.4
30001351,12.0,3.2
30001352,11.0,2.8
30001353,9.0,2.5
30001354,10.0,2.8
30001355,10.0,2.5
30001411,2.0,
30001412,4.0,
30001413,4.0,
30001414,2.0,
30001415,2.0,
30001421,2.0,
30001422,2.0,
30001423,2.0,
30001424,2.0,
30001511,2.0,
30001512,2.0,
30001513,2.0,
30001514,3.0,
30001521,3.0,
30001522,3.0,
30001523,3.0,
30001611,4.0,
30001612,4.0,
30001613,4.0,
30001614,4.0,
30001621,11.0,
30001622,11.0,8.8
30001623,11.0,1.0
30001631,9.0,3.1
30001632,11.0,5.9
30001633,10.0,5.0
30001634,12.0,4.6
30001641,10.0,3.6
30001642,11.0,2.7
30001643,12.0,2.6
30001644,12.0,1.6
34881,,0.9
35551,,
35561,,
35571,11.0,3.7
35581,,
35601,16.0,3.4
35611,,
35631,,1.4
35641,,1.4
35651,,0.6
35661,,
35671,,
35681,,
35691,,
35701,10.0,2.3
35702,11.0,2.9
35703,11.0,4.1
35704,11.0,4.1
35705,11.0,4.1
35711,,0.7
35721,,0.9
35731,,1.0
35741,10.0,5.3
35751,,0.9
35761,,1.7
35781,,
35791,,1.4
35981,,
35991,,
36011,,
36021,,0.5
36031,,0.5
36041,,2.9
36051,,
36061,,
36071,,
36081,10.0,1.3
36091,,
36101,,
36111,9.0,6.5
36121,,
36131,,
36141,,
36151,,
36161,10.0,
36162,10.0,6.0
36163,,
36164,12.0,3.3
36165,9.0,4.1
36166,10.0,2.4
36167,10.0,4.2
36168,10.0,5.4
36169,10.0,4.6
361610,11.0,3.6
36171,,3.2
36181,,1.7
36191,,
36201,,
36371,,0.7
36381,,2.9
36391,,
36401,12.0,6.2
36411,,2.0
36431,,0.8
36441,,1.1
36451,,
36461,,
36471,,1.1
36481,,
36491,,0.6
36501,14.0,6.9
36511,,1.1
36521,13.0,3.6
36531,,
36541,,1.3
36551,,0.9
36561,,
36571,,
36581,,0.7
36591,,1.5
36601,4.0,2.8
37091,,1.4
37101,,1.4
37121,,0.5
37131,,
37151,,0.8
37171,,
37191,,
37201,,4.3
37221,,0.5
37231,,
37241,,
37251,,1.7
37261,,1.2
37271,,
37301,11.0,2.1
37302,11.0,3.1
37303,9.0,5.1
37304,,
37431,,0.5
37451,,
37461,,0.6
37471,,1.1
37481,,0.8
37491,,0.8
37501,14.0,6.3
37511,,
37521,,0.7
37541,,
37561,,0.8
37591,,
37601,15.0,5.7
37621,,1.0
37631,,3.9
37641,,
37651,,2.9
37661,,0.7
37671,,
37681,,1.1
37691,18.0,2.9
37701,,2.5
37781,,0.7
37791,,5.5
37801,3.0,3.3
37802,3.0,5.2
37803,3.0,5.7
37804,3.0,3.5
37805,3.0,3.3
37806,2.0,7.0
37807,4.0,4.9
37811,,0.8
37821,,
37841,,
37851,,
37861,,
37871,,0.9
37881,,2.4
37901,,
37911,,1.1
37931,,1.3
37941,,0.9
37951,,1.0
37961,,2.3
37971,5.0,1.0
37972,3.0,7.7
37973,2.0,3.1
37974,3.0,10.5
37975,4.0,4.2
37976,5.0,3.5
37977,3.0,6.1
37978,2.0,4.7
4000111,8.0,1.6
4000112,10.0,4.1
4000121,10.0,4.7
4000122,10.0,4.7
4000123,,
4000124,,
4000131,12.0,3.1
4000132,14.0,2.8
4000133,13.0,3.0
4000134,14.0,4.4
4000135,13.0,4.7
4000211,,
4000212,,
4000213,,
4000214,,
4000221,,
4000222,,0.1
4000223,,
4000231,,
4000232,,
4000311,5.0,0.8
4000312,5.0,1.2
4000313,5.0,
4000321,,
4000322,5.0,0.8
4000323,5.0,
4000331,6.0,1.5
4000332,6.0,2.6
4000333,6.0,1.4
4000334,9.0,3.9
4000411,9.0,3.6
4000412,9.0,3.2
4000413,9.0,3.8
4000414,8.0,3.4
4000415,11.0,
4000416,11.0,1.5
4000417,11.0,3.6
4000421,11.0,2.0
4000422,10.0,4.2
4000423,10.0,5.1
4000424,10.0,4.0
4000425,9.0,0.6
4000426,9.0,4.2
4000431,,0.3
4000432,,
4000433,,
4000434,,0.1
4000511,17.0,5.3
4000512,16.0,3.2
4000513,17.0,3.1
4000514,19.0,2.9
4000521,14.0,1.8
4000522,14.0,1.8
4000523,16.0,1.6
4000524,16.0,2.2
4000525,17.0,3.4
4000526,15.0,3.3
4000527,8.0,2.1
4000528,14.0,3.9
4000531,13.0,4.2
4000532,14.0,3.5
4000533,17.0,3.7
4000611,10.0,2.8
4000612,10.0,2.0
4000613,9.0,3.1
4000621,11.0,3.7
4000622,10.0,3.0
4000623,11.0,3.2
4000631,7.0,4.0
4000632,7.0,2.7
4000633,6.0,1.5
4000634,6.0,1.5
4000641,7.0,3.1
4000642,6.0,3.4
4000643,8.0,1.8
4000644,8.0,0.7
4000711,5.0,1.9
4000712,9.0,4.0
4000713,6.0,5.1
4000714,12.0,4.8
4000715,12.0,0.8
4000721,13.0,3.8
4000722,13.0,3.1
4000723,13.0,4.9
4000731,11.0,2.4
4000732,12.0,4.1
4000733,13.0,2.7
4000811,14.0,3.7
4000812,,3.2
4000813,16.0,2.8
4000821,12.0,4.0
4000822,14.0,2.0
4000823,16.0,1.8
4000824,16.0,2.8
4000825,,
4000911,17.0,3.9
4000912,17.0,3.6
4000921,17.0,2.2
4000922,19.0,3.6
4000931,18.0,3.4
4000932,17.0,4.6
4000933,18.0,3.3
4000934,17.0,3.6
4000941,20.0,2.3
4000942,18.0,1.7
4000943,18.0,1.9
4000944,20.0,4.7
4000945,,
40011,3.0,5.7
40021,,
40031,,
40041,,
40051,,1.3
40061,,0.6
40071,,
40081,,
40091,,
40101,,
40111,,
40121,,
40131,,
40141,,
40151,,0.9
40171,,
40191,,
40211,,0.5
40221,,
40241,,
40251,,
40261,,0.5
40281,,
41001,11.0,6.5
41011,,0.6
42011,4.0,9.5
42031,3.0,3.0
42041,,
43011,,
43031,,
43041,,0.6
45011,,2.1
45021,4.0,1.7
45031,,
45511,,
47011,,0.6
47021,,
5000111,18.0,
5000112,18.0,3.9
5000113,19.0,5.1
5000114,17.0,5.3
5000115,19.0,3.1
5000121,17.0,3.8
5000122,18.0,3.6
5000123,18.0,3.9
5000124,19.0,4.4
5000125,17.0,4.5
5000131,19.0,2.4
5000132,19.0,3.5
5000133,16.0,4.9
5000134,17.0,3.5
5000135,,
5000136,,
5000211,20.0,4.9
5000212,17.0,5.1
5000213,17.0,2.9
5000214,18.0,3.0
5000215,14.0,4.2
5000216,16.0,2.7
5000221,19.0,
5000222,19.0,2.3
5000223,19.0,4.4
5000224,18.0,1.9
5000225,12.0,3.2
5000226,11.0,4.1
5000231,19.0,4.0
5000232,19.0,2.4
5000233,15.0,3.8
5000234,,
5000235,,
5000311,15.0,
5000312,15.0,2.5
5000313,15.0,2.0
5000314,16.0,4.3
5000315,17.0,4.2
5000316,15.0,1.8
5000317,15.0,2.0
5000321,15.0,1.6
5000322,15.0,1.6
5000323,16.0,3.9
5000324,15.0,2.3
5000325,14.0,3.6
5000326,14.0,2.6
5000331,14.0,
5000332,14.0,1.6
5000333,14.0,1.5
5000334,13.0,2.2
5000335,13.0,1.6
5000336,14.0,2.1
5000337,14.0,1.8
5000341,15.0,2.1
5000342,13.0,1.9
5000343,13.0,1.9
5000344,14.0,2.0
5000345,17.0,2.1
5000346,14.0,2.4
5000347,16.0,2.9
5000348,15.0,1.2
5000349,15.0,1.6
5000411,17.0,4.2
5000412,18.0,4.5
5000413,17.0,3.7
5000414,17.0,2.9
5000415,17.0,3.8
5000421,17.0,2.6
5000422,17.0,3.1
5000423,18.0,2.9
5000424,17.0,2.9
5000425,18.0,1.9
5000426,18.0,
5000431,16.0,2.8
5000432,17.0,3.5
5000433,17.0,2.8
5000434,,
5000435,15.0,0.8
5000436,15.0,1.9
5000437,,
5000511,13.0,1.2
5000512,13.0,2.1
5000513,12.0,2.2
5000514,13.0,2.7
5000515,15.0,3.4
5000516,14.0,3.9
5000517,15.0,3.1
5000521,12.0,1.7
5000522,12.0,1.8
5000523,12.0,1.4
5000531,13.0,
5000532,13.0,0.6
5000533,13.0,3.4
5000541,13.0,1.1
5000542,13.0,0.9
5000543,15.0,1.2
5000544,15.0,2.0
5000551,14.0,
5000552,14.0,0.6
5000553,14.0,1.2
5000554,14.0,1.0
5000555,16.0,2.0
5000556,14.0,
5000611,15.0,2.7
5000612,15.0,1.4
5000613,,
5000621,,
5000622,,0.8
5000623,,
5000624,,
5000625,,
5000711,13.0,1.1
5000712,13.0,1.7
5000713,13.0,
5000714,,
5000715,13.0,1.0
5000721,13.0,0.8
5000722,13.0,
5000723,13.0,2.9
5000724,,
5000725,4.0,2.0
5000731,10.0,1.8
5000732,6.0,3.2
5000733,10.0,1.2
5000734,7.0,2.6
5000735,7.0,2.7
5000736,5.0,3.9
5000741,7.0,2.7
5000742,7.0,
5000743,7.0,3.5
5000744,6.0,4.7
5000745,8.0,3.5
5000746,7.0,3.7
5000747,8.0,2.9
5000811,11.0,1.2
5000812,12.0,4.4
5000813,11.0,1.5
5000814,8.0,2.8
5000815,8.0,0.6
5000816,8.0,0.6
5000821,7.0,1.0
5000822,8.0,2.9
5000823,7.0,1.5
5000824,7.0,2.7
5000825,8.0,
5000826,8.0,0.9
5000831,7.0,
5000832,7.0,3.8
5000833,7.0,5.0
5000911,14.0,4.2
5000912,14.0,2.9
5000913,,
5000914,,
5000915,12.0,3.2
5000916,12.0,1.8
5000921,13.0,4.3
5000922,13.0,1.9
5000923,,0.7
5000924,10.0,1.2
5000925,10.0,3.3
5000926,10.0,3.2
5000927,12.0,4.7
5000928,9.0,
5000929,9.0,4.3
5000931,7.0,2.0
5000932,7.0,0.8
5000933,7.0,3.8
5000934,6.0,2.2
5000935,6.0,2.3
5000936,6.0,2.5
5000937,9.0,5.1
5000941,8.0,3.0
5000942,10.0,5.2
5000943,10.0,2.9
5000944,11.0,3.6
5000945,9.0,2.9
5000946,12.0,3.2
5000947,12.0,4.4
60001,4.0,4.7
60002,4.0,2.3
60003,7.0,4.7
60004,6.0,4.9
60005,5.0,5.2
60006,5.0,2.3
60007,5.0,4.0
60008,6.0,5.5
6100111,,
6100112,6.0,2.0
6100113,5.0,3.4
6100114,5.0,3.1
6100115,4.0,4.9
6100116,,
6100117,6.0,
6100121,8.0,3.0
6100122,7.0,3.9
6100123,6.0,6.1
6100211,5.0,4.9
6100212,4.0,3.8
6100213,5.0,2.7
6100214,5.0,3.4
6100221,5.0,3.3
6100222,5.0,4.8
6100223,5.0,6.3
6100231,11.0,2.9
6100232,8.0,5.7
6100233,7.0,5.1
6100311,7.0,5.4
6100312,5.0,3.6
6100313,6.0,3.4
6100314,11.0,3.5
6100315,8.0,4.6
6100321,4.0,4.8
6100322,4.0,6.4
6100323,5.0,6.0
6100411,5.0,6.1
6100412,5.0,1.7
6100413,5.0,5.4
6100414,4.0,2.8
6100415,4.0,3.8
6100421,,1.7
6100422,5.0,3.1
6100423,4.0,3.5
6100424,5.0,4.6
6100425,5.0,4.4
6100426,4.0,4.6
6100427,4.0,3.0
6200111,10.0,4.6
6200112,9.0,3.3
6200113,8.0,5.0
6200114,10.0,3.1
6200115,11.0,3.3
6200211,11.0,3.8
6200212,10.0,4.4
6200213,10.0,3.0
6200214,10.0,3.2
6200215,10.0,4.6
6200216,10.0,0.7
6200221,8.0,2.7
6200222,9.0,4.4
6200223,9.0,2.6
6200224,8.0,2.7
6200225,7.0,2.3
6200226,8.0,
6200227,8.0,2.4
6200228,8.0,1.1
6200311,9.0,3.7
6200312,10.0,2.5
6200313,8.0,3.4
6200314,10.0,4.0
6200315,10.0,3.5
6200316,10.0,2.4
6200321,9.0,3.1
6200322,10.0,5.2
6200411,9.0,3.9
6200412,8.0,4.3
6200413,7.0,3.9
6200421,9.0,5.2
6200422,8.0,2.2
6200423,9.0,2.6
6200511,10.0,3.0
6200512,10.0,3.1
6200513,9.0,2.7
6200514,11.0,3.2
6200521,11.0,3.5
6200522,9.0,4.4
6200523,11.0,3.5
630011,15.0,2.8
630012,15.0,6.0
630013,16.0,3.6
630021,14.0,4.2
630022,15.0,2.9
630023,15.0,3.8
630031,15.0,2.8
630032,14.0,2.7
630033,16.0,4.4
630034,15.0,4.1
630041,19.0,4.6
630042,16.0,3.2
630043,14.0,3.8
630044,15.0,3.2
640011,10.0,3.9
640012,12.0,4.1
640013,12.0,4.2
640021,19.0,4.5
640022,16.0,5.1
640023,17.0,3.8
640024,14.0,3.4
640031,12.0,1.9
640032,16.0,2.1
640033,13.0,3.0
640034,12.0,4.2
640035,13.0,3.7
640041,14.0,2.8
640042,15.0,3.0
640043,14.0,3.0
640044,17.0,2.8
640051,15.0,2.9
640052,19.0,2.4
640053,,
640054,14.0,5.1
640055,14.0,1.9
640056,14.0,3.6
640057,12.0,2.4
640061,,
640062,,
640063,17.0,2.4
640064,17.0,2.8
640065,19.0,3.3
640066,19.0,4.1
650011,11.0,3.9
650012,10.0,4.2
650013,12.0,4.3
650021,12.0,2.4
650022,,
650023,12.0,5.9
650024,10.0,4.2
650031,12.0,4.2
650032,11.0,5.4
650041,12.0,6.6
650042,14.0,2.6
650043,6.0,2.6
650044,12.0,4.0
650045,12.0,3.7
650051,11.0,4.0
650052,12.0,3.6
650053,10.0,4.3
650061,12.0,3.7
650062,7.0,2.7
650063,7.0,3.3
650064,6.0,3.9
650065,6.0,
6600111,,
6600112,,
6600113,,
6600114,10.0,1.1
6600115,10.0,
6600211,12.0,4.2
6600212,10.0,4.1
6600213,11.0,4.8
6600214,12.0,4.4
6600215,9.0,2.0
6600216,11.0,3.0
6600221,12.0,1.8
6600222,12.0,1.9
6600223,12.0,3.0
6600224,10.0,2.3
6600225,10.0,4.2
6600311,13.0,2.3
6600312,13.0,2.3
6600313,12.0,3.5
6600314,10.0,2.9
6600321,12.0,3.5
6600322,13.0,2.3
6600323,12.0,3.8
6600324,11.0,3.8
6600331,12.0,2.7
6600332,11.0,2.0
6600333,12.0,2.7
6600334,11.0,2.2
6600335,13.0,4.3
6600411,11.0,1.3
6600412,11.0,3.4
6600413,13.0,4.2
6600414,14.0,2.6
6600415,14.0,1.9
6600416,13.0,6.0
6600421,,
6600422,13.0,2.6
6600423,12.0,2.9
6600424,13.0,2.3
6600425,11.0,3.4
6600426,11.0,3.0
6600427,11.0,4.5
6600511,,
6600512,7.0,4.3
6600513,7.0,1.4
6600514,8.0,4.4
6600521,11.0,4.3
6600522,12.0,3.2
6600523,11.0,4.1
6600611,10.0,4.3
6600612,11.0,2.6
6600613,12.0,2.3
6600614,11.0,4.5
6600615,8.0,3.0
6600621,7.0,5.5
6600622,9.0,4.1
6600623,11.0,3.8
6600624,11.0,3.6
6600625,10.0,3.6
6600626,9.0,4.3
670011,10.0,5.7
670012,8.0,4.6
670013,7.0,2.6
670014,7.0,1.2
670015,7.0,1.3
670021,9.0,4.9
670022,9.0,1.7
670023,8.0,2.7
670024,9.0,2.0
670025,9.0,2.9
670031,6.0,3.2
670032,6.0,2.3
670033,6.0,1.8
670034,6.0,2.1
670035,,
670036,6.0,2.5
680011,14.0,5.4
680012,7.0,3.7
680013,8.0,4.5
680014,9.0,4.5
680021,10.0,5.9
680022,12.0,5.0
680023,10.0,4.4
680024,10.0,4.6
680025,11.0,5.8
680031,9.0,3.4
680032,9.0,3.2
680033,,
690011,9.0,3.4
690012,10.0,5.1
690013,14.0,4.3
690014,,
690015,15.0,2.2
690016,15.0,1.7
690021,11.0,3.1
690022,16.0,5.4
690031,15.0,3.0
690032,16.0,2.8
690033,15.0,2.4
690034,15.0,3.6
690035,15.0,1.9
690036,14.0,3.2
690037,15.0,3.5
690041,15.0,3.5
690042,15.0,2.2
690043,14.0,3.1
690044,12.0,5.5
690045,15.0,2.2
690051,14.0,4.6
690052,14.0,3.2
690053,14.0,3.6
690054,14.0,3.4
690055,12.0,2.9
690056,13.0,2.9
700011,,
700012,3.0,5.2
700013,7.0,6.3
700014,6.0,4.1
700015,3.0,3.9
700021,12.0,3.2
700022,7.0,3.5
700023,10.0,4.0
700024,11.0,3.3
700025,11.0,3.0
700031,9.0,2.1
700032,9.0,4.6
700041,6.0,3.0
700042,7.0,5.9
700043,6.0,1.9
700044,2.0,3.5
700051,10.0,3.7
700052,11.0,2.8
700053,10.0,3.3
700054,11.0,2.2
7100111,,
7100112,12.0,5.1
7100113,12.0,6.6
7100114,12.0,4.7
7100121,,0.7
7100122,13.0,3.9
7100123,13.0,4.2
7100124,13.0,3.9
7100125,11.0,4.4
7100126,11.0,3.0
7100127,11.0,1.0
7100211,10.0,4.9
7100212,11.0,6.2
7100213,9.0,5.4
7100214,10.0,3.0
7100215,10.0,3.3
7100221,9.0,4.2
7100222,9.0,1.1
7100223,9.0,2.2
7100224,,
7100225,7.0,4.1
7100226,7.0,3.5
7100311,10.0,4.1
7100312,,
7100313,7.0,4.3
7100314,6.0,5.6
7100315,6.0,2.2
7100316,7.0,4.3
7100321,9.0,5.7
7100322,7.0,4.0
7100323,8.0,5.0
7100324,,
72001,7.0,4.0
72002,15.0,3.5
72003,11.0,3.3
72004,11.0,4.5
72005,16.0,2.9
72006,17.0,3.6
72007,12.0,5.7
72008,13.0,5.3
72009,,
720010,,
720011,12.0,3.4
730011,12.0,2.1
730012,4.0,5.8
730013,5.0,4.9
730014,5.0,1.2
730015,5.0,5.9
730021,4.0,1.6
730022,4.0,3.1
730023,8.0,3.1
730031,3.0,3.3
730032,7.0,5.1
730033,8.0,2.7
730034,7.0,4.7
730035,7.0,6.6
730041,6.0,4.9
730042,4.0,3.2
730043,4.0,3.2
730044,9.0,2.2
730045,9.0,8.1
7400111,11.0,0.8
7400112,11.0,3.1
7400113,7.0,4.9
7400114,13.0,6.2
7400115,14.0,10.2
7400121,,
7400122,,
7400123,,0.0
7400211,6.0,4.4
7400212,8.0,3.7
7400213,11.0,2.7
7400221,6.0,4.3
7400222,11.0,2.2
7400223,11.0,3.9
7400231,9.0,4.9
7400232,11.0,3.6
7400233,11.0,3.2
7400241,10.0,4.8
7400242,11.0,2.6
7400243,11.0,3.2
7400311,8.0,2.9
7400312,9.0,2.2
7400313,9.0,2.9
7400321,11.0,3.4
7400322,12.0,4.7
7400323,14.0,3.3
7400324,11.0,2.2
7400331,10.0,2.4
7400332,9.0,2.4
7400333,10.0,3.4
7400334,11.0,3.0
7400341,11.0,4.4
7400342,11.0,3.2
7400343,10.0,2.7
7400351,11.0,5.0
7400352,10.0,7.4
7400353,13.0,1.0
7400354,13.0,1.7
7400355,13.0,1.0
7400411,13.0,1.7
7400412,13.0,0.8
7400413,13.0,2.5
7400414,,
7400421,9.0,4.0
7400422,4.0,4.4
7400431,6.0,5.6
7400432,6.0,2.1
7400511,7.0,3.2
7400512,7.0,1.8
7400513,10.0,3.5
7400521,9.0,4.2
7400522,7.0,3.8
7400523,11.0,4.1
7400531,,
7400532,15.0,4.1
7400533,16.0,4.1
7400534,15.0,2.7
75001,4.0,4.4
75002,4.0,3.8
75003,5.0,2.5
75004,6.0,2.8
75005,4.0,3.0
75006,4.0,4.8
75007,5.0,3.6
760011,9.0,2.2
760012,10.0,3.8
760013,8.0,5.7
760014,9.0,3.1
760015,9.0,1.1
760021,9.0,3.1
760022,9.0,1.2
760023,7.0,3.9
760024,6.0,2.9
760025,6.0,1.7
760026,4.0,2.8
760031,8.0,2.6
760032,9.0,6.2
760033,3.0,3.6
760034,9.0,0.9
760035,9.0,1.3
770011,12.0,3.2
770012,11.0,2.1
770013,8.0,3.7
770014,,
770015,5.0,3.8
770016,6.0,3.8
770017,,
770018,8.0,
770021,11.0,5.0
770022,,
770023,10.0,5.5
770024,9.0,4.0
770025,9.0,4.8
770026,11.0,4.2
78001,,
78002,14.0,3.6
78003,13.0,4.1
78004,14.0,1.2
78005,13.0,3.1
78006,14.0,2.6
78007,11.0,3.7
78008,10.0,4.5
78009,10.0,5.1
780010,10.0,2.5
7900111,,
7900112,10.0,4.7
7900113,11.0,11.7
7900114,11.0,3.8
7900115,13.0,2.0
7900121,18.0,4.1
7900122,15.0,4.9
7900123,17.0,3.4
7900124,,
7900125,,
7900126,,
7900127,12.0,2.1
7900128,,
7900131,18.0,3.8
7900132,11.0,0.8
7900133,13.0,2.4
7900134,11.0,2.2
7900141,11.0,1.5
7900142,11.0,1.4
7900143,12.0,3.0
7900144,11.0,2.3
7900145,11.0,3.4
7900146,11.0,1.5
7900211,15.0,11.0
7900212,17.0,2.5
7900213,17.0,1.3
7900221,16.0,2.5
7900222,13.0,3.0
7900223,16.0,3.2
7900224,13.0,3.3
7900231,14.0,5.9
7900232,13.0,3.1
7900233,13.0,2.9
7900234,11.0,3.3
7900235,11.0,2.4
7900236,13.0,3.2
7900311,10.0,5.1
7900312,10.0,4.8
7900313,10.0,4.2
7900321,11.0,4.6
7900322,11.0,2.4
7900323,11.0,3.1
7900324,12.0,3.5
7900411,11.0,1.8
7900412,11.0,2.8
7900413,10.0,2.0
7900414,9.0,4.0
7900415,9.0,2.5
7900421,9.0,3.0
7900422,13.0,2.3
7900423,11.0,4.6
7900424,13.0,4.0
7900431,11.0,2.4
7900432,10.0,2.9
7900433,11.0,3.8
7900434,10.0,1.4
7900511,10.0,1.2
7900512,10.0,3.0
7900513,5.0,3.4
7900514,10.0,0.8
7900515,10.0,1.6
7900516,10.0,1.1
7900521,12.0,4.2
7900522,11.0,4.4
7900523,6.0,4.2
7900524,8.0,4.6
80001,12.0,3.6
80002,6.0,4.3
80003,6.0,0.9
80004,6.0,3.5
80005,5.0,4.0
80006,3.0,4.8
80007,8.0,3.8
80008,11.0,4.2
80009,,
800010,12.0,
800011,8.0,0.4
820011,13.0,4.6
820012,14.0,3.4
820013,12.0,3.6
820014,12.0,3.6
820021,12.0,4.4
820022,10.0,5.5
820023,10.0,2.1
820031,11.0,1.9
820032,11.0,2.0
820033,11.0,3.2
820034,12.0,3.9
8300111,,
8300112,,
8300113,14.0,2.8
8300114,11.0,5.4
8300115,11.0,4.4
8300116,10.0,4.3
8300117,11.0,4.0
8300121,11.0,4.3
8300122,11.0,3.3
8300123,10.0,3.0
8300124,11.0,2.5
8300125,10.0,5.0
8300126,10.0,5.4
8300211,13.0,4.0
8300212,11.0,5.1
8300213,10.0,4.2
8300214,14.0,5.0
8300215,14.0,4.7
8300221,11.0,5.3
8300222,12.0,2.9
8300223,13.0,4.1
8300224,12.0,2.6
8300225,12.0,3.4
8300311,9.0,3.4
8300312,11.0,3.6
8300313,12.0,5.3
8300314,12.0,4.2
8300315,11.0,3.2
8300411,15.0,0.9
8300412,15.0,5.4
8300413,12.0,4.7
8300421,13.0,4.2
8300422,12.0,3.6
8300423,13.0,3.8
8300424,14.0,3.9
8300425,12.0,3.1
8300426,12.0,4.8
8300427,,
8300511,5.0,5.4
8300512,7.0,3.6
8300513,7.0,3.1
8300514,15.0,4.2
8300515,13.0,2.5
8300516,15.0,3.7
8300521,12.0,3.0
8300522,12.0,4.8
8300523,12.0,3.2
8300524,14.0,3.4
8300531,14.0,5.0
8300532,12.0,2.2
8300533,13.0,4.9
8300534,13.0,6.4
8300611,15.0,2.8
8300612,14.0,2.7
8300613,,
8300614,14.0,3.6
8300615,13.0,5.2
8300616,12.0,4.0
8300617,13.0,5.5
8300621,,
8300622,,
8300623,13.0,2.4
8300624,11.0,5.1
8300625,11.0,
8400111,,
8400112,17.0,1.6
8400113,,0.6
8400114,17.0,4.2
8400115,14.0,3.3
8400116,13.0,4.1
8400117,10.0,5.1
8400121,13.0,3.8
8400122,16.0,3.6
8400123,16.0,1.1
8400124,13.0,3.0
8400211,11.0,3.6
8400212,9.0,2.1
8400213,14.0,4.2
8400214,17.0,2.8
8400221,10.0,1.3
8400222,10.0,7.0
8400231,11.0,2.4
8400232,9.0,4.4
8400311,14.0,1.2
8400312,14.0,3.9
8400313,9.0,2.7
8400321,10.0,4.3
8400322,10.0,4.8
8400411,12.0,3.6
8400412,14.0,2.2
8400413,14.0,4.6
8400414,16.0,4.0
8400421,14.0,3.5
8400422,14.0,0.8
8400423,,
8400424,14.0,2.4
8400425,9.0,3.5
8400431,12.0,4.5
8400432,5.0,6.0
8400433,5.0,0.8
850011,,2.6
850012,11.0,3.0
850013,10.0,3.4
850014,5.0,3.9
850015,4.0,1.5
850016,4.0,0.5
850017,5.0,3.9
850021,6.0,2.6
850022,8.0,4.0
850023,10.0,2.2
850024,10.0,4.3
850031,10.0,3.3
850032,5.0,3.4
850033,6.0,2.9
850034,6.0,3.3
850035,4.0,3.7
850041,6.0,0.9
850042,6.0,4.5
850043,7.0,4.8
850044,9.0,3.1
850045,2.0,3.8
8600111,,
8600112,15.0,4.0
8600113,13.0,2.8
8600114,12.0,5.4
8600115,12.0,2.4
8600116,13.0,3.5
8600121,13.0,3.1
8600122,13.0,1.7
8600123,13.0,3.3
8600124,14.0,
8600125,14.0,2.0
8600131,15.0,2.3
8600132,14.0,3.2
8600133,14.0,5.6
8600134,12.0,3.4
8600135,12.0,2.9
8600136,13.0,4.8
8600137,13.0,1.8
8600138,13.0,4.0
8600211,12.0,2.5
8600212,13.0,3.1
8600213,13.0,2.9
8600214,12.0,2.2
8600215,14.0,5.0
8600216,14.0,4.3
8600221,12.0,3.3
8600222,14.0,5.1
8600223,13.0,3.9
8600224,14.0,4.0
8600225,14.0,3.2
8600311,13.0,3.1
8600312,16.0,4.3
8600313,13.0,3.4
8600314,12.0,2.5
8600321,12.0,4.4
8600322,10.0,2.8
8600323,,0.8
8600324,14.0,5.4
8600325,13.0,4.5
8600411,17.0,5.9
8600412,11.0,5.6
8600413,17.0,
8600414,19.0,2.6
8600415,,0.5
8600416,19.0,1.8
8600417,,
870011,,
870012,17.0,2.4
870013,17.0,3.1
870014,16.0,2.8
870015,18.0,2.1
870016,17.0,3.0
870017,14.0,3.3
870018,14.0,2.6
870019,16.0,2.5
870021,15.0,2.4
870022,13.0,3.2
870023,10.0,2.8
870024,15.0,3.3
870025,17.0,3.5
870026,11.0,2.9
870027,16.0,3.6
870028,16.0,2.7
870031,17.0,6.0
870032,18.0,3.6
870033,15.0,3.7
870034,14.0,3.7
870035,16.0,3.1
870036,16.0,2.2
88001,4.0,6.1
88002,4.0,4.9
88003,5.0,2.0
88004,5.0,4.1
88005,5.0,2.5
88006,7.0,2.3
88007,7.0,4.1
88008,5.0,4.1
88009,7.0,3.6
880010,7.0,2.0
89001,5.0,4.4
89002,4.0,1.7
89003,5.0,3.0
89004,5.0,3.0
89005,4.0,4.3
89006,4.0,1.9
89007,6.0,8.6
89008,4.0,1.2
9000111,6.0,2.7
9000112,7.0,2.8
9000113,6.0,1.8
9000121,6.0,4.1
9000122,8.0,1.5
9000123,8.0,1.3
9000131,8.0,2.4
9000132,7.0,3.3
9000133,7.0,1.6
9000211,11.0,3.8
9000212,8.0,4.7
9000213,10.0,2.6
9000214,10.0,5.0
9000215,10.0,1.9
9000216,10.0,3.8
9000221,9.0,3.1
9000222,7.0,3.2
9000223,12.0,2.7
9000224,8.0,2.2
9000225,7.0,3.8
9000226,7.0,1.6
9000234,12.0,2.8
9000311,9.0,3.6
9000312,11.0,4.8
9000313,11.0,3.2
9000314,,
9000411,11.0,1.0
9000412,11.0,2.6
9000413,10.0,7.1
9000414,12.0,6.6
9000415,12.0,6.5
9000421,13.0,5.7
9000422,13.0,5.0
9000423,12.0,4.5
9000431,13.0,2.9
9000432,8.0,3.9
9000433,8.0,1.7
9000434,8.0,4.3
9000511,9.0,2.3
9000512,9.0,3.4
9000513,12.0,3.3
9000521,9.0,2.6
9000522,9.0,2.9
9000523,9.0,3.3
9000611,12.0,3.7
9000612,9.0,3.0
9000613,12.0,4.5
9000614,9.0,2.2
9000621,,
9000622,9.0,
9000623,9.0,1.3
9000631,10.0,4.8
9000632,8.0,4.3
9000633,10.0,2.5
9000634,,1.4
9000641,11.0,2.9
9000642,12.0,4.4
9000643,14.0,4.9
9000644,17.0,1.4
9000645,13.0,8.6
910011,,
910012,,
910013,11.0,5.5
910014,6.0,2.9
910021,7.0,5.0
910022,7.0,1.8
910023,10.0,4.6
910024,10.0,3.4
910031,13.0,4.0
910032,12.0,4.3
910033,12.0,3.2
910034,12.0,2.8
910041,12.0,5.0
910042,12.0,5.1
910043,12.0,3.6
92001,10.0,4.5
92002,9.0,2.4
92003,7.0,5.8
92004,6.0,4.3
93001,18.0,2.3
93002,15.0,5.7
93003,18.0,4.8
93004,8.0,5.5
94001,12.0,3.4
94002,,
94003,8.0,2.8
94004,9.0,5.1
94005,10.0,3.6
94006,13.0,3.3
94007,17.0,5.5
94008,17.0,2.5
95001,,
95002,8.0,5.5
95003,12.0,3.6
95004,16.0,2.2
95005,10.0,4.4
95006,11.0,2.2
95007,11.0,3.5
95008,14.0,2.4
95009,13.0,4.4
950010,13.0,3.7
950011,11.0,5.3
960011,12.0,2.4
960012,11.0,4.4
960013,6.0,3.5
960014,12.0,3.5
960021,8.0,1.3
960022,5.0,2.1
960023,8.0,1.8
960024,6.0,1.7
960025,6.0,2.6
960031,11.0,3.1
960032,9.0,3.6
960033,10.0,3.0
960034,11.0,4.9
970011,13.0,3.5
970012,17.0,5.6
970013,16.0,4.1
970014,16.0,3.2
970015,14.0,2.8
970021,14.0,5.4
970022,19.0,4.5
970023,14.0,5.4
970024,13.0,3.3
970031,17.0,4.9
970032,17.0,1.4
970033,13.0,2.1
970034,,
98001,13.0,3.3
98002,16.0,3.0
98003,15.0,4.1
98004,15.0,1.6
100010,,
100020,,
100030,,
100040,,
100060,,
100070,,
100080,,
100090,,
100120,,
100130,,
100140,,
100150,,
100160,,
100180,,
100200,,
100250,,
100260,,
100290,,
100300,,
100310,,
100320,,
100330,,
100340,,
100350,,
100360,,
100370,,
100380,,
100390,,
100400,,
100410,,
100420,,
100480,,
100500,,
100510,,
100520,,
100530,,
100540,,
100550,,
100560,,
100710,,
